/* DATA DESCRIPTION:;;;;;;;;;;;;;;;;;;;
Citation:;Petersen, Gu?? N?a (2017): (Supplement 2) Daily meteorological buoy measurements in the Iceland Sea 2007-2009. Icelandic Meteorological Office, Reykjavik, PANGAEA, https://doi.org/10.1594/PANGAEA.876203, ;;;;;;;;;;;;;;;;;;
;In supplement to: Petersen, GN (2017): Meteorological buoy measurements in the Iceland Sea, 2007-2009. Earth System Science Data, 9(2), 779-789, https://doi.org/10.5194/essd-9-779-2017;;;;;;;;;;;;;;;;;;
Coverage:;MEDIAN LATITUDE: 68.468000 * MEDIAN LONGITUDE: -9.253000 * SOUTH-BOUND LATITUDE: 68.467000 * WEST-BOUND LONGITUDE: -9.254000 * NORTH-BOUND LATITUDE: 68.469000 * EAST-BOUND LONGITUDE: -9.252000;;;;;;;;;;;;;;;;;;
;DATE/TIME START: 2007-11-23T00:00:00 * DATE/TIME END: 2009-08-21T00:00:00;;;;;;;;;;;;;;;;;;
Event(s):;Dreki_area * LATITUDE START: 68.467000 * LONGITUDE START: -9.254000 * LATITUDE END: 68.469000 * LONGITUDE END: -9.252000 * LOCATION: Jan Mayen Ridge * METHOD/DEVICE: Underway cruise track measurements (CT);;;;;;;;;;;;;;;;;;
Parameter(s):;Identification (ID) * PI: Petersen, Gu?? N?a (gnp@vedur.is) * COMMENT: buoy nr;;;;;;;;;;;;;;;;;;
;DATE/TIME (Date/Time) * GEOCODE * PI: Petersen, Gu?? N?a (gnp@vedur.is);;;;;;;;;;;;;;;;;;
;Temperature, air, daily mean [?C] (TTT daily m) * PI: Petersen, Gu?? N?a (gnp@vedur.is);;;;;;;;;;;;;;;;;;
;Temperature, air, daily maximum [?C] (TxTxTx day max) * PI: Petersen, Gu?? N?a (gnp@vedur.is);;;;;;;;;;;;;;;;;;
;Temperature, air, daily minimum [?C] (TnTnTn day min) * PI: Petersen, Gu?? N?a (gnp@vedur.is);;;;;;;;;;;;;;;;;;
;Dew/frost point [?C] (TdTdTd) * PI: Petersen, Gu?? N?a (gnp@vedur.is) * COMMENT: daily mean;;;;;;;;;;;;;;;;;;
;Water vapour pressure [hPa] (e) * PI: Petersen, Gu?? N?a (gnp@vedur.is) * COMMENT: daily mean;;;;;;;;;;;;;;;;;;
;Pressure, atmospheric [hPa] (PPPP) * PI: Petersen, Gu?? N?a (gnp@vedur.is) * COMMENT: daily mean;;;;;;;;;;;;;;;;;;
;Pressure, atmospheric, maximum [hPa] (PPPP max) * PI: Petersen, Gu?? N?a (gnp@vedur.is);;;;;;;;;;;;;;;;;;
;Pressure, atmospheric, minimum [hPa] (PPPP min) * PI: Petersen, Gu?? N?a (gnp@vedur.is);;;;;;;;;;;;;;;;;;
;Wind speed [m/s] (ff) * PI: Petersen, Gu?? N?a (gnp@vedur.is) * COMMENT: daily mean;;;;;;;;;;;;;;;;;;
;Wind speed, maximum [m/s] (ff max) * PI: Petersen, Gu?? N?a (gnp@vedur.is);;;;;;;;;;;;;;;;;;
;Wind speed, gust [m/s] (ff gust) * PI: Petersen, Gu?? N?a (gnp@vedur.is) * COMMENT: daily maximum;;;;;;;;;;;;;;;;;;
;Temperature, water [?C] (Temp) * PI: Petersen, Gu?? N?a (gnp@vedur.is) * COMMENT: daily mean;;;;;;;;;;;;;;;;;;
;Temperature, difference [?C] (delta T) * PI: Petersen, Gu?? N?a (gnp@vedur.is) * COMMENT: of water temp to air temp;;;;;;;;;;;;;;;;;;
;Current speed [cm/s] (V) * PI: Petersen, Gu?? N?a (gnp@vedur.is) * COMMENT: daily mean;;;;;;;;;;;;;;;;;;
;Wave period [s] (PwPw) * PI: Petersen, Gu?? N?a (gnp@vedur.is) * COMMENT: daily mean;;;;;;;;;;;;;;;;;;
;Wave height, maximum [m] (Wave h max) * PI: Petersen, Gu?? N?a (gnp@vedur.is) * COMMENT: daily mean;;;;;;;;;;;;;;;;;;
;Wave height [m] (Wave h) * PI: Petersen, Gu?? N?a (gnp@vedur.is) * COMMENT: mean significant;;;;;;;;;;;;;;;;;;
;Time in seconds [s] (Time) * PI: Petersen, Gu?? N?a (gnp@vedur.is) * COMMENT: mean period of spektral peak;;;;;;;;;;;;;;;;;;
License:;Creative Commons Attribution 3.0 Unported (CC-BY-3.0);;;;;;;;;;;;;;;;;;
Size:;11231 data points;;;;;;;;;;;;;;;;;;
*/;;;;;;;;;;;;;;;;;;;
ID;Date/Time;TTT daily m [?C];TxTxTx day max [?C];TnTnTn day min [?C];TdTdTd [?C];e [hPa];PPPP [hPa];PPPP max [hPa];PPPP min [hPa];ff [m/s];ff max [m/s];ff gust [m/s];Temp [?C];delta T [?C];V [cm/s];PwPw [s];Wave h max [m];Wave h [m];Time [s]
64071;2007-11-23;1.230;2.41;0.02;-0.64;5.89;1000.79;1007.95;989.39;6.75;12.77;18.34;3.35;2.10;12.88;7.75;4.38;2.87;10.92
64071;2007-11-24;-3.630;1.09;-6.04;-5.38;4.24;995.22;1008.53;984.12;13.93;16.17;26.84;3.46;7.02;19.58;8.65;9.29;6.15;10.74
64071;2007-11-25;-5.830;-4.23;-6.77;-9.47;3.02;1020.50;1027.97;1011.76;11.82;14.24;21.21;3.31;9.15;16.69;8.56;7.52;5.36;11.18
64071;2007-11-26;-2.780;0.07;-4.72;-6.61;3.90;1026.02;1029.92;1018.79;7.81;12.30;16.29;3.34;6.12;12.95;8.46;5.37;3.63;11.63
64071;2007-11-27;0.140;2.17;-1.93;-0.83;5.84;1010.32;1015.57;1008.24;7.98;11.66;16.05;3.31;3.26;12.66;7.21;4.44;3.07;9.21
64071;2007-11-28;0.800;1.73;-0.13;-0.34;6.00;1005.95;1008.14;1004.34;5.09;7.79;10.14;3.25;2.45;8.65;7.98;2.92;2.01;12.63
64071;2007-11-29;-1.870;0.75;-4.03;-5.09;4.37;1005.67;1007.17;1003.95;6.98;8.67;12.25;3.23;5.10;11.60;6.37;2.50;1.74;9.16
64071;2007-11-30;-2.130;-0.32;-4.13;-5.82;4.02;1000.06;1004.63;996.13;5.70;7.79;10.55;3.24;5.37;10.31;6.67;2.79;1.91;7.95
64071;2007-12-01;1.230;3.68;-1.88;-1.25;5.70;991.69;995.64;987.34;9.53;13.54;19.10;3.30;2.07;13.44;6.82;4.04;2.79;8.43
64071;2007-12-02;2.650;3.49;1.09;0.57;6.41;992.89;995.35;990.57;12.83;16.23;24.08;3.30;0.65;21.31;8.18;7.77;5.13;10.23
64071;2007-12-03;-0.490;1.09;-2.76;-4.10;4.60;995.69;997.01;995.25;11.14;14.94;23.67;3.23;3.72;17.63;9.36;8.95;6.11;12.56
64071;2007-12-04;-0.840;2.17;-2.76;-5.86;4.01;994.39;997.70;988.61;6.77;11.25;15.47;3.22;3.98;12.02;7.98;4.06;2.78;10.93
64071;2007-12-05;2.580;3.39;1.88;0.37;6.32;983.17;986.86;981.48;11.18;12.13;17.99;3.23;0.65;19.20;6.98;5.33;3.60;8.23
64071;2007-12-06;0.070;2.17;-2.27;-3.40;4.81;988.47;990.96;984.71;9.46;11.25;15.23;2.63;2.65;12.79;8.27;6.32;4.20;10.08
64071;2007-12-07;-2.330;-1.10;-2.96;-5.72;4.02;993.97;996.72;991.25;8.53;10.37;15.59;2.92;5.23;10.90;8.18;5.60;3.73;11.02
64071;2007-12-08;-0.200;1.04;-1.79;-3.73;4.70;996.40;997.21;995.74;7.28;9.14;12.48;2.80;3.00;10.72;7.96;4.56;3.12;10.56
64071;2007-12-09;-0.170;0.31;-1.40;-3.75;4.67;1000.55;1004.34;997.11;8.95;10.84;14.18;2.82;2.98;10.24;7.99;5.13;3.50;11.37
64071;2007-12-10;-1.860;0.07;-3.69;-6.26;3.87;1013.37;1019.67;1006.09;5.64;8.79;12.25;2.72;4.58;7.98;7.88;4.01;2.71;10.56
64071;2007-12-11;1.640;3.29;-3.15;-0.14;6.20;1012.34;1020.25;1001.80;9.37;13.48;19.86;2.82;1.19;20.61;7.09;4.16;2.90;9.20
64071;2007-12-12;1.430;2.51;0.12;0.87;6.54;1008.50;1015.86;1001.50;5.30;7.56;9.55;2.70;1.27;13.77;9.06;5.16;3.59;11.44
64071;2007-12-13;3.100;4.12;2.22;1.36;6.80;1006.66;1016.15;999.26;7.83;10.49;14.47;2.89;-0.22;15.94;7.82;4.39;2.96;10.60
64071;2007-12-14;3.350;4.90;2.17;1.62;6.95;1009.48;1014.49;1000.62;8.26;13.54;19.28;2.92;-0.43;16.46;8.94;5.63;3.90;11.61
64071;2007-12-15;3.130;4.41;1.44;1.14;6.68;1009.83;1014.30;1002.28;6.61;11.19;14.94;2.97;-0.14;13.35;9.53;6.36;4.41;12.62
64071;2007-12-16;2.220;4.32;0.60;1.36;6.80;1015.59;1017.62;1011.47;7.64;11.78;15.47;2.95;0.73;12.17;9.41;5.20;3.62;13.40
64071;2007-12-17;3.790;5.10;3.00;3.00;7.62;1017.86;1024.36;1009.71;7.83;14.24;19.04;2.98;-0.81;16.03;8.57;6.10;4.19;10.80
64071;2007-12-18;3.900;5.10;2.95;1.74;7.00;1012.32;1018.40;1008.34;11.77;14.71;21.62;3.09;-0.81;19.69;8.56;7.25;4.89;11.61
64071;2007-12-19;2.710;3.34;2.41;0.93;6.58;1016.88;1019.57;1013.91;7.74;11.95;17.05;3.19;0.47;15.04;9.05;6.48;4.46;11.81
64071;2007-12-20;3.390;3.83;1.78;2.24;7.21;1009.50;1012.05;1008.73;7.32;8.61;12.13;3.18;-0.20;12.87;7.93;4.25;2.91;10.59
64071;2007-12-21;2.720;3.78;1.53;2.39;7.29;1007.36;1010.20;1002.58;5.71;9.61;12.30;3.10;0.39;12.74;7.62;3.42;2.40;11.13
64071;2007-12-22;2.640;3.34;0.90;1.96;7.08;996.50;1001.70;986.56;6.67;13.42;17.87;3.23;0.60;11.08;7.33;3.14;2.15;11.90
64071;2007-12-23;1.180;2.31;-2.76;-0.65;5.89;982.35;990.27;973.87;9.04;11.66;16.58;3.31;2.13;12.59;6.86;3.97;2.74;8.63
64071;2007-12-24;-5.140;-2.32;-6.38;-9.27;3.09;991.71;997.30;983.05;6.36;9.96;14.82;3.19;8.34;7.86;9.87;6.42;4.32;13.73
64071;2007-12-25;2.210;3.34;-1.25;0.87;6.57;986.07;994.38;980.61;9.63;14.71;19.63;3.17;0.96;14.78;8.14;5.59;3.90;10.28
64071;2007-12-26;2.330;4.07;1.63;0.19;6.25;975.88;977.97;973.09;8.01;12.66;17.64;3.07;0.74;13.26;8.15;5.50;3.68;10.69
64071;2007-12-27;1.700;3.19;0.90;0.65;6.43;971.07;977.09;966.25;11.08;14.59;22.15;2.97;1.27;18.77;7.77;5.90;4.00;9.76
64071;2007-12-28;0.960;1.68;0.02;-1.09;5.69;986.84;994.67;975.72;11.58;14.00;19.51;2.98;2.02;20.80;8.97;8.27;5.53;12.06
64071;2007-12-29;-0.180;0.65;-0.86;-4.16;4.55;1004.09;1014.10;995.94;9.94;12.07;16.41;2.95;3.13;16.47;9.24;7.40;5.00;12.90
64071;2007-12-30;-0.320;2.22;-2.62;-4.25;4.56;1016.60;1019.38;1009.90;9.43;16.29;25.25;2.90;3.22;17.33;8.74;6.10;4.09;11.40
64071;2007-12-31;2.590;3.34;1.39;0.42;6.34;1003.23;1010.98;997.30;11.81;16.11;25.84;2.72;0.13;18.86;9.60;9.46;6.56;12.20
64071;2008-01-01;3.500;3.88;3.19;1.71;6.95;1005.75;1011.47;1000.53;12.95;15.59;22.68;2.41;-1.09;24.02;8.26;7.00;4.94;10.30
64071;2008-01-02;2.280;3.19;1.63;1.22;6.72;1008.57;1012.73;1002.48;4.90;10.20;13.95;2.30;0.03;10.19;8.71;6.31;4.16;10.41
64071;2008-01-03;2.900;3.19;2.46;1.57;6.88;1017.59;1019.28;1014.69;10.83;11.84;17.34;2.01;-0.89;19.14;7.94;6.05;4.13;11.25
64071;2008-01-04;2.240;2.56;1.53;0.57;6.40;1012.40;1017.03;1007.85;7.95;10.20;13.48;2.17;-0.07;17.37;8.37;5.01;3.46;11.15
64071;2008-01-05;2.590;2.95;1.97;0.68;6.46;999.42;1005.80;994.86;8.97;10.31;14.71;1.98;-0.60;18.91;9.62;6.60;4.61;12.99
64071;2008-01-06;3.150;3.68;2.36;2.02;7.10;989.48;993.40;986.56;8.52;9.79;13.42;2.49;-0.66;18.01;10.05;7.03;4.86;14.08
64071;2008-01-07;2.190;3.49;1.48;1.51;6.85;986.99;990.86;983.63;6.70;10.20;13.71;2.48;0.29;18.95;8.10;4.60;3.10;10.92
64071;2008-01-08;2.080;2.66;1.78;0.78;6.50;994.77;996.03;992.62;4.87;8.14;11.54;2.25;0.17;15.03;6.79;2.66;1.84;8.12
64071;2008-01-09;2.480;2.80;1.39;1.37;6.78;994.68;997.11;991.54;5.32;9.26;12.54;2.51;0.04;17.61;7.61;3.30;2.25;11.66
64071;2008-01-10;2.340;2.95;1.34;0.90;6.56;999.75;1002.38;997.21;8.29;10.72;15.35;2.43;0.11;15.05;7.48;4.25;2.98;9.18
64071;2008-01-11;1.540;2.31;0.46;-0.83;5.79;1004.40;1007.07;1002.19;8.21;10.96;14.59;2.22;0.69;13.28;7.44;4.66;3.13;9.67
64071;2008-01-12;-2.030;0.65;-3.40;-5.94;3.98;1009.69;1011.37;1007.66;7.58;11.07;15.53;2.37;4.40;10.82;7.08;4.54;2.94;9.76
64071;2008-01-13;-4.980;-3.84;-6.43;-8.20;3.33;1011.22;1011.66;1010.88;9.28;10.78;15.00;2.42;7.39;15.23;6.74;4.33;3.04;8.76
64071;2008-01-14;-7.240;-6.43;-7.70;-10.72;2.73;1006.23;1009.90;1001.31;7.33;8.73;13.42;2.27;9.48;6.88;6.44;3.15;2.16;8.73
64071;2008-01-15;-4.260;-2.81;-6.18;-9.17;3.09;996.21;998.18;994.67;9.27;10.96;15.59;2.39;6.64;12.15;6.87;4.43;2.90;9.22
64071;2008-01-16;-4.690;0.80;-6.72;-9.05;3.29;997.02;998.97;991.93;6.54;11.54;15.70;2.26;6.90;9.85;7.11;3.64;2.55;9.38
64071;2008-01-17;1.670;2.56;0.85;-1.52;5.51;992.37;993.11;991.05;11.34;14.00;21.62;2.08;0.41;19.54;7.53;5.91;4.03;9.63
64071;2008-01-18;2.360;3.05;0.56;-1.12;5.67;982.82;992.72;971.13;12.41;15.59;22.09;2.10;-0.26;23.79;8.46;7.80;5.27;10.94
64071;2008-01-19;-0.330;0.70;-1.01;-3.93;4.61;975.44;976.70;974.16;6.82;9.90;15.23;1.95;2.28;10.24;8.12;5.70;3.84;9.73
64071;2008-01-20;1.390;1.92;0.95;-0.31;6.01;992.09;1003.55;978.65;7.74;10.20;13.59;2.14;0.74;10.90;7.18;3.72;2.61;9.53
64071;2008-01-21;1.020;1.24;0.75;0.42;6.33;1009.52;1013.03;1005.22;8.26;10.25;14.00;2.25;1.23;11.99;7.50;4.08;2.83;11.19
64071;2008-01-22;2.130;2.80;0.80;-0.43;5.96;1004.30;1013.32;989.69;9.12;14.00;19.22;2.33;0.21;18.02;7.08;3.61;2.40;9.52
64071;2008-01-23;1.100;1.88;0.85;-1.03;5.72;982.44;985.10;980.90;8.76;12.83;18.57;1.99;0.88;9.85;9.00;6.63;4.57;11.68
64071;2008-01-24;-0.200;0.85;-1.30;-2.68;5.06;980.42;981.88;979.34;8.43;12.83;17.58;1.98;2.17;8.85;8.47;5.21;3.53;13.64
64071;2008-01-25;-0.700;0.17;-2.13;-3.97;4.61;982.77;984.02;981.48;5.79;10.96;14.30;1.79;2.49;9.63;8.58;4.10;2.93;14.69
64071;2008-01-26;-4.100;-2.52;-5.11;-6.85;3.70;990.22;998.87;982.85;9.00;12.30;17.05;1.83;5.93;9.01;8.17;4.87;3.44;14.64
64071;2008-01-27;-0.710;3.54;-3.50;-3.74;4.77;996.55;1005.02;982.27;8.42;14.82;21.86;1.91;2.72;12.83;8.12;5.07;3.52;11.90
64071;2008-01-28;-0.630;2.95;-4.28;-4.05;4.61;981.63;993.69;976.41;11.07;14.59;22.50;1.93;2.56;15.39;9.06;8.60;5.70;11.15
64071;2008-01-29;-4.690;-3.06;-5.45;-8.56;3.23;1000.80;1002.28;997.21;5.66;10.25;15.53;2.09;6.76;10.22;8.96;5.79;3.91;11.63
64071;2008-01-30;-2.400;-1.30;-4.57;-5.89;3.99;1003.18;1004.82;1002.28;9.62;13.71;18.69;2.03;4.40;18.18;8.04;5.16;3.37;11.17
64071;2008-01-31;-4.770;-2.52;-6.96;-8.70;3.23;1008.84;1010.59;1006.39;13.05;16.05;22.85;1.81;6.58;18.10;7.64;6.74;4.51;9.50
64071;2008-02-01;-8.080;-6.23;-9.45;-11.93;2.50;1004.12;1010.10;996.43;11.97;16.70;24.08;1.99;10.08;15.21;8.16;6.82;4.63;11.07
64071;2008-02-02;-0.600;0.51;-5.60;-4.20;4.52;991.34;997.99;987.05;14.60;18.28;26.95;2.06;2.69;21.34;9.90;11.68;7.82;12.84
64071;2008-02-03;-0.710;-0.27;-1.05;-5.41;4.14;999.76;1001.02;997.70;10.35;12.60;18.69;1.91;2.62;14.09;8.91;7.19;4.93;12.71
64071;2008-02-04;1.510;3.19;-1.15;0.11;6.23;991.32;995.45;986.07;9.05;12.25;18.34;1.88;0.36;20.06;8.13;5.45;3.73;10.73
64071;2008-02-05;2.420;3.00;1.14;1.40;6.80;979.82;986.47;973.97;10.48;12.36;17.46;1.60;-0.83;23.62;8.22;6.67;4.53;10.57
64071;2008-02-06;0.920;1.58;0.41;-1.27;5.62;988.21;1000.04;978.55;8.53;11.43;16.11;1.64;0.71;12.18;7.81;5.24;3.62;10.34
64071;2008-02-07;1.200;2.61;0.02;-1.25;5.66;990.11;1001.60;976.31;11.50;15.94;26.66;1.74;0.56;24.21;7.25;5.54;3.79;9.05
64071;2008-02-08;1.640;2.36;0.65;-1.64;5.48;999.73;1003.55;993.69;10.61;14.24;21.27;1.77;0.13;26.00;9.07;8.08;5.57;11.89
64071;2008-02-09;2.250;3.58;1.09;0.10;6.23;989.96;1001.41;983.24;11.69;14.82;22.79;1.67;-0.59;24.57;8.10;6.89;4.75;9.52
64071;2008-02-10;2.370;3.15;0.95;-1.75;5.41;1000.34;1006.58;990.57;13.21;15.53;23.20;1.62;-0.75;23.78;9.40;8.81;6.12;11.71
64071;2008-02-11;2.000;3.34;0.46;0.41;6.35;1000.67;1007.46;991.84;9.48;12.54;18.34;1.48;-0.49;16.64;8.77;7.06;4.86;10.97
64071;2008-02-12;-2.610;1.14;-5.79;-6.66;3.81;1011.06;1026.99;1002.19;12.18;17.70;24.96;1.46;4.07;19.40;8.56;7.55;5.21;11.47
64071;2008-02-13;-4.610;-3.01;-5.40;-10.01;2.89;1042.30;1047.40;1032.56;7.08;13.24;19.86;1.59;6.20;13.11;8.66;6.51;4.45;10.80
64071;2008-02-14;-0.140;1.73;-2.86;-2.36;5.28;1041.14;1047.11;1032.36;9.63;11.89;16.41;1.48;1.61;17.82;8.53;5.21;3.62;11.78
64071;2008-02-15;2.010;2.27;1.44;0.93;6.58;1018.74;1029.24;1013.42;10.60;12.83;17.58;1.21;-0.80;16.66;6.52;4.04;2.81;8.35
64071;2008-02-16;1.060;2.02;-0.08;0.02;6.15;1011.76;1013.42;1009.51;5.62;12.19;17.58;1.25;0.19;13.00;7.12;4.15;2.86;8.50
64071;2008-02-17;0.080;0.51;-0.42;-0.43;5.95;1012.08;1015.47;1009.71;3.84;6.04;8.20;1.31;1.23;10.66;8.34;3.60;2.39;10.15
64071;2008-02-18;0.590;1.88;-0.57;0.01;6.15;1016.76;1017.72;1015.57;4.93;7.21;9.79;1.17;0.58;10.62;8.19;3.64;2.45;10.47
64071;2008-02-19;1.580;2.56;0.70;0.97;6.59;1006.53;1013.91;997.21;6.73;11.60;14.88;1.02;-0.56;12.48;7.81;3.41;2.32;11.18
64071;2008-02-20;1.120;2.80;-0.22;-0.09;6.12;985.73;993.69;976.02;9.83;12.07;17.46;0.93;-0.19;19.29;6.48;3.91;2.68;8.46
64071;2008-02-21;-0.390;1.44;-3.40;-1.04;5.74;955.63;970.45;949.45;11.13;16.46;24.14;0.92;1.31;20.90;7.43;5.99;3.84;9.33
64071;2008-02-22;-3.010;-1.98;-4.18;-4.56;4.39;962.56;975.53;953.55;14.42;15.64;23.20;0.98;3.99;22.80;8.37;8.37;5.56;10.11
64071;2008-02-23;-2.150;-1.69;-3.06;-6.35;3.83;989.38;992.13;983.14;8.21;13.48;19.75;0.93;3.08;14.59;8.17;5.30;3.68;10.78
64071;2008-02-24;-2.270;-0.57;-3.69;-5.74;4.02;991.76;996.33;989.49;4.49;7.62;10.55;0.95;3.22;9.81;10.15;4.45;3.08;13.32
64071;2008-02-25;-1.490;-0.47;-2.42;-3.17;4.88;1000.03;1002.77;995.94;9.87;14.18;20.92;1.25;2.74;17.97;8.35;6.62;4.38;10.89
64071;2008-02-26;-2.800;-1.69;-5.21;-5.63;4.09;999.36;1001.60;997.40;10.96;13.42;19.22;1.50;4.30;15.95;7.19;5.04;3.59;8.73
64071;2008-02-27;-5.200;-4.47;-5.84;-10.11;2.87;995.59;996.13;994.67;7.97;10.02;13.59;1.30;6.50;10.01;8.09;4.01;2.79;14.28
64071;2008-02-28;-4.240;-1.20;-6.18;-7.99;3.45;996.56;999.75;995.25;7.88;13.24;19.28;1.30;5.54;11.27;7.11;3.12;2.20;10.85
64071;2008-02-29;0.100;1.97;-1.49;-1.49;5.51;996.16;1000.14;993.50;11.16;13.54;19.98;1.54;1.44;20.41;7.38;6.13;4.07;9.27
64071;2008-03-01;-1.110;1.00;-3.01;-6.05;3.98;1002.77;1007.85;995.16;11.24;13.48;20.16;1.51;2.57;19.29;8.05;6.75;4.59;10.63
64071;2008-03-02;-4.640;-2.57;-5.35;-9.38;3.04;1009.85;1010.59;1008.53;7.80;10.20;14.00;1.50;6.14;14.84;7.45;4.65;3.02;9.80
64071;2008-03-03;-5.080;-3.15;-6.47;-9.71;3.00;1009.89;1012.15;1008.05;9.61;12.19;17.52;1.45;6.53;15.27;6.62;4.09;2.72;8.22
64071;2008-03-04;-6.300;-4.47;-7.11;-10.28;2.86;1010.06;1011.56;1008.93;7.92;12.13;18.63;1.30;7.61;13.23;9.17;6.83;4.69;12.15
64071;2008-03-05;-4.340;-2.37;-6.43;-6.41;3.89;1003.90;1010.49;999.36;13.55;16.41;25.61;1.38;5.72;23.14;7.79;7.43;4.99;9.65
64071;2008-03-06;-2.080;-0.03;-6.08;-7.28;3.59;1005.48;1012.73;999.16;8.21;11.66;16.58;1.41;3.49;17.24;7.84;5.20;3.44;9.73
64071;2008-03-07;0.660;1.53;0.02;-2.58;5.17;1006.42;1012.54;997.60;12.38;13.89;20.80;1.39;0.73;20.47;7.71;6.79;4.62;9.12
64071;2008-03-08;1.640;2.27;1.19;0.82;6.52;990.65;996.43;987.73;8.56;13.42;19.39;1.34;-0.30;14.56;8.46;6.80;4.53;10.31
64071;2008-03-09;1.380;2.22;0.07;0.90;6.56;981.29;986.66;978.26;5.76;9.43;12.89;1.24;-0.14;16.24;8.31;5.50;3.68;10.15
64071;2008-03-10;0.310;1.29;-1.15;-0.05;6.12;981.68;985.59;977.77;5.01;6.39;8.73;1.08;0.76;10.39;8.34;4.33;2.91;9.98
64071;2008-03-11;1.400;2.17;0.70;1.08;6.64;990.49;992.62;986.86;6.23;7.32;10.37;1.09;-0.31;11.12;7.92;3.35;2.37;10.35
64071;2008-03-12;2.330;2.51;2.17;1.56;6.87;993.78;993.98;993.11;8.46;9.43;14.12;1.18;-1.16;16.81;7.15;3.83;2.70;9.86
64071;2008-03-13;2.030;2.27;1.53;1.59;6.88;996.85;1000.82;993.98;7.31;8.79;12.07;1.27;-0.77;13.82;7.26;4.27;2.89;9.22
64071;2008-03-14;0.860;1.48;-0.08;0.20;6.24;1007.93;1013.71;1002.28;8.95;10.61;14.71;1.40;0.53;17.13;6.54;3.93;2.60;7.72
64071;2008-03-15;-1.560;-0.22;-3.54;-4.05;4.63;1017.34;1018.89;1014.98;8.85;11.31;16.35;1.29;2.85;9.20;5.54;2.99;1.98;6.71
64071;2008-03-16;-4.810;-3.84;-5.25;-8.94;3.14;1018.18;1018.69;1017.81;10.51;12.83;17.46;1.25;6.03;12.49;6.53;4.18;2.87;8.44
64071;2008-03-17;-4.670;-4.33;-4.96;-9.16;3.09;1017.43;1018.30;1016.54;6.22;7.97;12.19;1.21;5.88;8.68;7.78;4.03;2.81;10.73
64071;2008-03-18;-3.610;0.31;-5.01;-8.34;3.39;1016.18;1018.11;1015.08;3.75;9.79;13.12;1.16;4.77;7.23;7.89;3.04;2.08;10.26
64071;2008-03-19;-0.640;0.65;-2.67;-1.31;5.61;1018.69;1020.35;1013.91;5.93;9.38;12.48;1.19;1.83;10.94;6.21;2.31;1.58;9.41
64071;2008-03-20;1.220;2.31;0.22;-0.82;5.81;1005.98;1012.34;1001.41;9.75;14.94;21.74;1.26;0.04;15.71;7.49;6.12;4.04;9.90
64071;2008-03-21;-2.130;1.48;-4.67;-6.26;3.94;1017.59;1018.40;1015.86;8.82;11.31;17.23;1.02;3.06;9.07;7.78;5.49;3.77;10.11
64071;2008-03-22;-3.370;-1.69;-6.72;-7.93;3.42;1017.62;1018.69;1016.45;7.43;12.60;17.23;1.08;4.45;8.46;6.96;4.20;2.73;8.60
64071;2008-03-23;-6.650;-6.13;-7.11;-11.17;2.64;1015.44;1015.86;1014.78;11.18;12.89;19.39;1.13;7.79;18.44;7.58;5.60;3.89;10.31
64071;2008-03-24;-5.760;-4.33;-7.30;-8.77;3.19;1016.04;1016.74;1015.27;12.70;14.36;21.68;1.16;6.92;21.34;9.28;9.04;6.22;12.44
64071;2008-03-25;-4.440;-3.74;-5.69;-9.33;3.05;1015.58;1015.86;1014.98;8.94;12.25;17.93;1.12;5.54;13.44;8.10;5.94;4.01;11.21
64071;2008-03-26;-5.380;-3.98;-6.72;-10.20;2.86;1013.68;1014.49;1013.12;7.55;9.55;12.95;1.12;6.50;11.92;6.62;3.28;2.29;9.10
64071;2008-03-27;-3.620;-3.10;-4.38;-8.04;3.37;1012.70;1013.03;1012.34;7.44;8.44;11.37;1.06;4.69;10.05;6.01;2.59;1.81;8.11
64071;2008-03-28;-3.680;-3.15;-4.96;-8.93;3.15;1010.94;1012.34;1009.61;7.98;9.02;12.25;0.53;4.21;13.12;6.15;2.87;1.93;9.05
64071;2008-03-29;-3.120;-1.69;-4.03;-7.31;3.58;1008.73;1009.12;1008.24;10.20;11.89;17.70;0.36;3.48;20.44;6.33;3.93;2.74;8.14
64071;2008-03-30;-0.140;0.70;-1.40;-1.22;5.64;1009.77;1010.59;1008.93;12.46;14.36;20.27;0.71;0.85;23.99;7.70;7.13;4.79;9.26
64071;2008-03-31;-0.780;0.46;-2.18;-4.24;4.54;1010.85;1012.25;1009.90;10.52;13.12;18.46;0.47;1.20;17.66;7.29;5.55;3.85;9.31
64071;2008-04-01;-1.860;-1.10;-2.67;-6.33;3.85;1015.33;1017.72;1012.93;9.42;10.72;15.18;0.13;2.01;14.87;6.69;4.20;2.89;8.62
64071;2008-04-02;-2.260;-1.10;-4.23;-6.90;3.68;1021.88;1024.75;1019.28;7.64;9.02;12.01;0.59;2.85;15.37;7.58;4.22;2.81;10.70
64071;2008-04-03;-3.680;-2.52;-4.62;-6.93;3.70;1021.61;1022.99;1020.25;8.47;11.25;14.94;0.61;4.29;14.48;6.67;3.25;2.25;9.17
64071;2008-04-04;-2.630;-1.40;-3.98;-6.47;3.82;1022.49;1023.28;1021.33;11.35;13.54;19.34;0.92;3.55;22.69;6.50;4.74;3.24;7.87
64071;2008-04-05;-1.360;0.02;-3.01;-5.35;4.15;1024.49;1030.21;1021.23;11.50;14.53;22.09;0.96;2.32;24.85;8.04;6.60;4.45;11.23
64071;2008-04-06;-1.880;-1.35;-3.20;-6.30;3.85;1033.50;1035.19;1031.88;7.99;10.43;14.36;0.75;2.63;12.41;8.38;5.26;3.60;11.58
64071;2008-04-07;-1.590;-0.91;-2.08;-3.80;4.67;1028.24;1031.88;1019.38;6.46;10.25;13.71;0.26;1.85;11.80;8.33;4.32;2.97;11.22
64071;2008-04-08;-1.130;-0.52;-2.08;-1.90;5.35;1012.87;1016.74;1009.80;4.88;8.91;11.95;0.13;1.26;8.89;7.36;3.88;2.54;9.52
64071;2008-04-09;1.110;1.88;-0.13;-0.06;6.12;1009.91;1010.68;1009.02;7.67;10.72;14.30;0.29;-0.82;12.79;6.36;3.11;2.16;8.13
64071;2008-04-10;1.240;1.88;0.46;-0.11;6.10;1009.67;1011.76;1008.24;8.34;10.84;15.47;0.44;-0.80;16.19;7.29;4.49;3.12;9.88
64071;2008-04-11;-0.410;0.51;-1.01;-3.59;4.73;1012.98;1013.81;1012.05;9.76;10.96;15.94;0.78;1.19;16.46;7.02;4.74;3.23;9.96
64071;2008-04-12;-1.070;-0.42;-1.84;-4.36;4.48;1015.80;1017.91;1013.91;7.57;9.96;13.36;0.76;1.84;15.75;6.12;3.29;2.18;8.37
64071;2008-04-13;-2.520;-1.69;-3.10;-7.38;3.56;1018.79;1022.30;1017.13;6.18;8.85;10.72;0.55;3.08;12.61;5.92;2.47;1.71;7.98
64071;2008-04-14;-2.110;-1.30;-3.06;-5.91;3.97;1019.73;1021.43;1018.30;6.66;9.38;12.42;1.03;3.17;8.36;5.30;2.28;1.49;6.83
64071;2008-04-15;-0.750;1.00;-2.71;-3.35;4.86;1016.45;1020.16;1010.29;10.08;13.54;18.69;0.98;1.73;11.50;5.75;3.53;2.40;7.06
64071;2008-04-16;-0.890;1.53;-4.08;-3.71;4.80;1014.20;1017.91;1010.29;5.96;7.91;10.25;0.86;1.75;8.23;6.53;3.27;2.16;8.92
64071;2008-04-17;1.290;1.83;0.80;-0.73;5.83;1017.40;1019.86;1015.66;5.73;6.80;8.91;1.08;-0.21;5.92;6.50;2.06;1.46;10.53
64071;2008-04-18;1.010;1.88;0.12;-0.09;6.10;1016.70;1018.01;1015.47;5.68;8.61;11.31;1.28;0.27;7.29;8.28;3.05;2.05;12.12
64071;2008-04-19;0.120;1.88;-1.74;-0.66;5.87;1014.93;1016.25;1012.93;7.29;10.02;14.30;1.06;0.88;8.15;6.74;3.02;2.12;10.26
64071;2008-04-20;-2.180;-1.01;-3.06;-3.55;4.74;1016.27;1020.16;1013.22;2.20;4.22;5.98;0.96;3.12;5.63;7.08;1.96;1.39;9.64
64071;2008-04-21;-0.590;0.12;-2.47;-1.44;5.54;1021.52;1023.77;1018.98;3.35;4.92;7.03;0.89;1.48;6.99;6.45;1.12;0.79;8.60
64071;2008-04-22;-0.840;-0.27;-1.20;-1.70;5.43;1021.13;1022.40;1020.35;3.87;5.57;6.86;0.75;1.59;6.59;5.21;1.11;0.78;7.06
64071;2008-04-23;0.760;1.73;-0.91;-0.39;5.99;1022.49;1024.36;1020.35;3.85;6.45;8.20;0.94;0.18;5.24;5.58;0.93;0.64;7.52
64071;2008-04-24;1.720;2.02;1.48;1.34;6.76;1022.89;1023.87;1021.52;6.41;8.38;10.55;1.45;-0.28;11.39;5.53;1.98;1.42;7.53
64071;2008-04-25;1.390;1.63;1.19;1.19;6.69;1018.29;1021.03;1014.49;4.17;5.39;6.91;1.15;-0.24;6.26;6.72;2.26;1.57;8.02
64071;2008-04-26;1.570;1.92;1.00;1.41;6.80;1008.32;1013.52;1005.51;5.07;7.15;9.14;1.09;-0.49;7.76;6.73;2.63;1.75;8.36
64071;2008-04-27;1.850;2.41;1.34;1.63;6.91;1001.31;1003.95;1000.04;7.29;10.08;13.89;1.39;-0.44;10.86;6.60;3.72;2.47;8.82
64071;2008-04-28;1.200;1.44;0.90;1.04;6.62;1002.44;1005.51;999.84;6.13;8.73;11.07;1.35;0.15;12.52;6.70;3.06;2.08;8.77
64071;2008-04-29;1.300;1.63;1.00;0.80;6.51;1007.19;1008.34;1005.90;9.85;10.96;14.65;1.19;-0.11;18.01;6.43;4.09;2.75;8.46
64071;2008-04-30;1.230;1.48;0.51;0.82;6.51;1012.34;1014.39;1009.22;9.58;11.54;16.11;0.87;-0.36;11.05;6.34;3.95;2.65;8.37
64071;2008-05-01;1.300;1.63;0.90;0.94;6.57;1019.13;1019.96;1017.32;8.43;10.55;14.47;0.64;-0.64;8.85;6.34;3.78;2.62;8.45
64071;2008-05-02;1.860;2.31;1.14;1.66;6.92;1019.81;1020.25;1018.89;6.66;9.55;12.89;0.77;-1.09;8.46;6.03;3.03;2.03;7.65
64071;2008-05-03;1.630;2.12;1.29;1.47;6.83;1021.02;1022.99;1018.59;3.02;5.10;6.33;1.19;-0.44;8.96;6.85;3.03;1.98;8.27
64071;2008-05-04;1.050;1.53;0.65;0.88;6.55;1025.43;1027.87;1022.99;3.33;7.85;9.96;1.52;0.47;6.91;6.44;2.39;1.61;8.04
64071;2008-05-05;2.220;3.00;0.70;2.02;7.11;1024.66;1026.50;1022.50;6.04;8.14;10.61;1.41;-0.81;11.23;6.77;2.99;2.03;10.07
64071;2008-05-06;0.060;1.29;-1.15;-0.09;6.11;1022.68;1025.43;1021.33;3.62;6.45;8.32;1.61;1.55;6.25;6.75;2.39;1.59;9.55
64071;2008-05-07;1.020;2.22;-1.30;0.83;6.53;1016.60;1020.84;1011.37;1.94;3.63;4.98;1.95;0.94;5.92;7.54;1.99;1.41;10.48
64071;2008-05-08;1.050;1.34;0.12;0.68;6.45;1011.64;1013.52;1010.20;4.99;9.14;11.84;1.97;0.92;7.89;7.29;2.20;1.51;10.69
64071;2008-05-09;-2.210;0.17;-3.35;-6.19;3.91;1020.82;1024.36;1015.27;8.03;13.01;15.94;1.88;4.10;8.62;5.90;3.08;2.02;7.43
64071;2008-05-10;-1.050;0.12;-2.76;-4.11;4.57;1025.45;1026.41;1023.87;8.02;14.00;17.70;1.60;2.65;12.59;5.93;3.04;2.01;7.95
64071;2008-05-11;-0.700;0.56;-1.45;-6.38;3.84;1029.93;1035.10;1025.62;4.70;8.73;11.48;1.48;2.18;7.90;6.71;3.05;1.99;9.18
64071;2008-05-12;1.340;1.88;0.60;-0.31;6.04;1032.80;1034.51;1031.39;6.49;8.26;10.20;1.52;0.20;11.95;5.52;1.90;1.34;8.24
64071;2008-05-13;0.650;1.00;-0.42;0.10;6.19;1029.53;1030.80;1026.89;4.42;5.74;8.03;1.60;0.94;6.88;6.56;1.64;1.11;8.67
64071;2008-05-14;-0.070;0.65;-0.86;-1.96;5.33;1023.87;1026.41;1020.35;2.70;6.33;7.68;1.69;1.74;5.02;6.99;1.51;1.02;10.09
64071;2008-05-15;0.060;0.56;-0.66;-1.90;5.35;1020.99;1022.50;1019.77;4.53;6.04;7.09;1.74;1.68;6.70;5.55;1.35;0.95;7.30
64071;2008-05-16;0.530;1.44;-0.52;-1.79;5.42;1022.66;1024.55;1020.74;6.34;8.50;11.31;1.76;1.23;12.52;4.80;1.73;1.22;5.66
64071;2008-05-17;-0.330;0.46;-1.15;-4.01;4.57;1024.77;1027.09;1022.40;5.16;7.32;8.79;1.74;2.07;6.81;4.47;1.09;0.80;5.59
64071;2008-05-18;1.140;1.92;0.12;-1.06;5.71;1029.73;1033.34;1026.31;3.31;6.91;8.26;1.91;0.74;6.76;5.44;1.71;1.18;7.55
64071;2008-05-19;2.250;2.80;1.68;0.31;6.30;1031.78;1035.78;1028.65;3.63;6.39;9.08;2.20;-0.05;7.31;7.73;2.81;1.89;10.62
64071;2008-05-20;1.750;2.36;1.09;-0.37;6.01;1031.14;1033.24;1029.04;5.61;7.15;8.96;1.97;0.22;9.22;7.00;3.22;2.19;9.35
64071;2008-05-21;2.340;2.80;2.02;1.51;6.85;1034.02;1035.78;1032.46;3.91;5.86;7.50;2.13;-0.21;9.58;6.52;2.32;1.53;8.57
64071;2008-05-22;3.380;4.02;2.56;2.51;7.36;1036.15;1038.32;1033.44;3.59;5.27;6.27;3.28;-0.08;8.23;7.32;1.98;1.30;9.97
64071;2008-05-23;3.680;3.88;2.70;2.66;7.43;1035.07;1039.20;1030.02;4.78;8.44;10.25;3.77;0.09;11.27;6.90;1.64;1.11;9.63
64071;2008-05-24;2.940;3.68;2.31;2.00;7.10;1028.36;1030.02;1026.41;8.16;9.43;12.36;3.28;0.33;13.04;4.95;2.04;1.40;5.71
64071;2008-05-25;2.850;3.54;2.02;1.61;6.90;1025.55;1026.50;1025.04;7.53;9.55;12.36;2.96;0.12;10.11;5.12;2.43;1.61;6.42
64071;2008-05-26;3.280;4.07;1.44;2.57;7.39;1023.55;1025.23;1019.86;5.54;9.20;11.89;3.24;-0.11;9.17;4.63;1.28;0.92;5.94
64071;2008-05-27;3.840;4.32;3.39;2.84;7.53;1018.51;1020.25;1016.84;6.69;9.26;12.30;3.16;-0.68;12.41;4.90;1.86;1.25;6.10
64071;2008-05-28;3.550;4.46;2.27;2.56;7.38;1020.80;1021.82;1019.57;4.16;5.80;7.50;3.24;-0.31;9.31;5.50;1.47;1.01;6.88
64071;2008-05-29;4.010;4.46;3.68;2.57;7.38;1021.65;1022.40;1020.06;3.93;5.92;7.27;3.38;-0.62;8.97;5.23;0.96;0.71;8.95
64071;2008-05-30;4.320;4.56;4.12;3.90;8.11;1012.75;1018.89;1008.14;5.75;7.27;9.20;3.48;-0.85;8.30;5.52;1.60;1.11;8.77
64071;2008-05-31;3.130;4.07;2.41;2.82;7.52;1010.70;1014.59;1007.75;4.42;6.27;7.73;3.52;0.39;6.24;5.90;1.95;1.27;7.40
64071;2008-06-01;4.130;4.80;3.34;3.19;7.72;1019.58;1022.01;1015.76;4.65;8.38;10.31;3.86;-0.24;7.25;5.49;1.14;0.83;8.64
64071;2008-06-02;4.400;4.71;4.17;3.75;8.03;1021.52;1021.82;1021.03;5.63;8.14;10.61;4.13;-0.28;8.25;4.68;1.47;0.99;5.73
64071;2008-06-03;4.900;5.20;4.41;4.46;8.44;1015.88;1020.25;1012.54;5.91;7.56;9.38;4.29;-0.62;10.29;4.61;1.47;1.00;5.52
64071;2008-06-04;5.040;5.49;4.66;4.74;8.60;1018.47;1021.13;1013.61;4.36;9.26;11.78;4.56;-0.49;9.61;5.49;1.81;1.21;7.19
64071;2008-06-05;5.180;5.73;4.66;4.84;8.66;1018.84;1020.06;1017.72;5.09;9.84;11.95;4.52;-0.66;11.47;6.40;2.32;1.60;9.12
64071;2008-06-06;4.970;5.49;4.71;4.67;8.56;1019.21;1020.64;1017.72;3.13;4.98;6.68;4.78;-0.19;6.91;7.09;2.18;1.49;9.87
64071;2008-06-07;6.020;6.90;4.51;4.76;8.61;1015.70;1017.13;1014.10;1.48;2.99;3.57;5.59;-0.43;13.34;6.24;1.37;0.90;8.39
64071;2008-06-08;5.500;5.78;5.20;5.12;8.84;1009.38;1014.00;1007.36;4.06;5.39;6.86;5.54;0.04;19.59;5.82;1.30;0.88;7.65
64071;2008-06-09;5.710;5.98;4.80;4.67;8.57;1011.19;1015.57;1009.02;7.27;9.20;11.89;4.95;-0.76;17.88;6.82;3.09;2.11;9.59
64071;2008-06-10;4.510;5.15;3.29;3.11;7.68;1019.57;1022.60;1016.15;6.50;7.38;10.31;4.82;0.33;12.13;6.73;3.22;2.23;8.93
64071;2008-06-11;3.340;4.32;2.22;1.73;6.96;1022.08;1022.99;1020.64;7.69;9.73;13.12;4.83;1.49;13.78;6.79;3.36;2.23;9.27
64071;2008-06-12;4.090;4.56;3.10;1.50;6.84;1022.30;1023.48;1021.33;7.98;9.67;12.19;4.80;0.71;15.43;6.01;3.16;2.12;8.34
64071;2008-06-13;2.460;3.05;2.02;0.44;6.34;1024.06;1024.45;1023.09;5.47;8.14;12.07;4.89;2.43;10.97;6.59;3.02;2.05;8.75
64071;2008-06-14;2.130;3.34;1.29;0.65;6.44;1018.79;1022.99;1013.81;3.26;5.80;7.09;5.08;2.95;9.00;6.25;1.57;1.10;7.51
64071;2008-06-15;4.310;5.29;3.49;2.67;7.45;1012.02;1013.52;1011.56;5.82;8.03;9.96;4.94;0.64;12.30;4.90;1.38;0.98;5.99
64071;2008-06-16;5.320;5.63;4.95;3.77;8.04;1015.12;1016.74;1012.54;6.12;7.44;9.43;5.17;-0.15;9.84;4.68;1.50;1.04;5.41
64071;2008-06-17;3.340;4.56;2.22;1.02;6.62;1014.62;1016.64;1012.64;6.68;9.43;12.66;5.31;2.05;13.17;4.85;1.70;1.20;5.70
64071;2008-06-18;3.670;4.90;2.56;1.46;6.85;1012.28;1012.93;1011.86;10.12;11.54;15.53;5.30;1.67;14.23;5.84;3.55;2.40;7.46
64071;2008-06-19;4.560;5.20;3.78;2.16;7.19;1014.81;1017.32;1012.15;8.66;9.96;12.77;5.24;0.68;11.83;5.38;2.85;1.88;6.95
64071;2008-06-20;3.780;4.46;3.10;1.41;6.80;1017.17;1017.52;1016.84;8.44;9.79;13.30;5.23;1.47;11.57;5.35;2.78;1.84;6.73
64071;2008-06-21;3.700;4.17;2.90;0.64;6.44;1017.75;1018.30;1017.13;5.63;7.09;9.73;5.36;1.66;8.86;7.24;3.39;2.31;9.50
64071;2008-06-22;3.560;4.46;2.31;1.02;6.62;1013.39;1017.13;1009.71;6.36;8.09;10.37;5.44;1.88;9.41;6.92;2.77;1.93;9.89
64071;2008-06-23;4.760;5.10;4.27;2.82;7.52;1008.78;1009.41;1008.05;8.16;9.79;12.83;5.49;0.74;10.28;5.93;2.76;1.93;8.42
64071;2008-06-24;3.030;4.02;2.36;1.11;6.66;1015.01;1019.18;1009.90;7.33;8.67;11.72;5.48;2.48;7.48;5.72;2.63;1.77;7.56
64071;2008-06-25;3.500;4.46;2.80;2.09;7.14;1017.52;1019.38;1015.47;6.56;8.67;10.90;5.47;1.97;9.95;5.05;1.81;1.25;6.83
64071;2008-06-26;3.540;4.02;3.00;1.69;6.95;1012.50;1015.27;1010.59;6.94;10.25;12.89;5.52;1.98;9.28;5.10;1.88;1.32;6.47
64071;2008-06-27;3.270;4.07;2.70;1.26;6.73;1009.22;1010.78;1007.95;4.71;8.85;11.13;5.60;2.33;7.93;5.82;2.01;1.41;7.22
64071;2008-06-28;5.460;6.37;3.58;3.60;7.98;1013.04;1014.98;1010.20;6.28;8.61;10.49;5.73;0.28;10.58;5.72;1.88;1.30;7.99
64071;2008-06-29;4.800;5.73;4.27;3.41;7.84;1014.70;1015.08;1014.30;6.63;8.85;11.31;5.80;1.00;12.21;6.04;2.73;1.79;7.93
64071;2008-06-30;5.990;6.42;5.49;4.51;8.47;1014.07;1015.18;1013.32;5.07;6.33;7.91;6.01;0.01;12.65;6.24;2.11;1.45;8.96
64071;2008-07-01;6.120;6.56;5.78;4.39;8.40;1016.09;1017.03;1014.98;7.09;8.50;10.96;6.10;-0.03;12.65;5.39;2.31;1.59;6.63
64071;2008-07-02;7.210;7.93;6.37;6.51;9.73;1012.92;1015.76;1011.66;8.55;9.43;12.60;6.00;-1.21;14.83;5.63;3.05;2.04;6.95
64071;2008-07-03;7.060;7.49;6.56;6.51;9.73;1019.27;1022.11;1016.05;8.40;10.90;14.65;5.95;-1.11;14.66;6.56;3.94;2.65;8.18
64071;2008-07-04;6.810;7.49;6.42;6.33;9.60;1023.17;1024.16;1022.11;6.64;8.26;11.13;6.07;-0.74;14.87;6.32;3.17;2.09;7.89
64071;2008-07-05;6.400;7.15;5.93;5.96;9.36;1025.38;1026.02;1024.16;6.80;8.79;11.25;6.20;-0.20;15.48;5.91;2.79;1.87;7.55
64071;2008-07-06;4.790;5.78;3.88;4.33;8.36;1023.35;1025.82;1020.25;2.00;4.63;6.56;6.60;1.81;12.28;5.93;1.59;1.06;7.29
64071;2008-07-07;4.030;5.73;2.66;3.43;7.87;1018.01;1020.06;1017.23;1.40;2.69;4.04;7.31;3.34;13.51;6.14;1.17;0.78;7.03
64071;2008-07-08;4.270;4.95;3.93;3.73;8.02;1017.91;1018.50;1017.42;5.78;7.21;10.25;6.99;2.72;13.88;4.87;1.42;0.95;6.14
64071;2008-07-09;5.770;7.10;3.98;4.20;8.30;1018.19;1018.98;1016.25;5.34;7.27;9.73;6.90;1.13;12.67;4.96;1.74;1.14;6.09
64071;2008-07-10;5.650;6.71;4.22;4.33;8.36;1013.98;1016.25;1011.76;4.14;5.16;7.44;7.11;1.48;10.74;4.72;1.06;0.73;6.38
64071;2008-07-11;5.100;6.46;4.27;4.17;8.27;1010.12;1011.47;1008.53;5.13;6.15;8.32;7.04;1.93;11.07;4.09;0.98;0.70;5.23
64071;2008-07-12;6.540;7.10;5.49;5.64;9.16;1005.69;1008.14;1002.97;3.90;6.91;8.44;7.10;0.57;10.88;5.11;1.04;0.74;8.00
64071;2008-07-13;7.460;7.78;7.10;6.81;9.92;997.98;1002.48;992.52;7.97;11.02;14.24;7.10;-0.37;13.82;4.94;2.05;1.42;6.69
64071;2008-07-14;7.470;7.78;7.15;7.06;10.10;992.48;993.11;991.84;4.39;8.20;10.72;7.22;-0.26;11.35;6.10;2.70;1.88;7.71
64071;2008-07-15;7.270;7.49;6.71;6.98;10.04;993.96;1000.14;990.57;6.10;9.38;12.66;7.38;0.11;11.19;5.60;2.15;1.45;6.71
64071;2008-07-16;6.110;6.76;5.24;5.09;8.82;1002.71;1004.04;1000.33;9.52;10.78;13.77;7.17;1.06;15.72;5.48;3.28;2.13;6.82
64071;2008-07-17;5.680;6.71;4.61;4.78;8.65;1001.03;1003.36;1000.14;7.53;9.49;12.60;7.00;1.32;11.32;5.65;2.89;1.92;7.37
64071;2008-07-18;6.390;6.90;5.98;5.78;9.25;1001.78;1004.53;1000.33;7.42;8.32;11.13;7.09;0.70;10.52;5.55;2.52;1.73;7.37
64071;2008-07-19;5.480;6.17;4.66;4.00;8.17;1007.88;1011.17;1004.73;6.99;8.55;10.90;7.09;1.61;10.46;5.31;2.38;1.60;6.77
64071;2008-07-20;6.060;6.76;4.95;4.48;8.45;1013.53;1015.47;1011.47;5.75;7.21;8.79;7.10;1.03;11.52;4.70;1.57;1.07;5.66
64071;2008-07-21;7.230;8.12;5.59;6.39;9.66;1008.09;1014.59;1000.33;8.88;11.25;16.41;7.12;-0.12;15.98;5.22;2.64;1.78;6.46
64071;2008-07-22;7.700;8.22;6.71;7.23;10.22;991.23;998.77;987.93;9.06;10.84;15.06;7.32;-0.38;15.42;6.78;4.50;3.05;8.79
64071;2008-07-23;7.980;8.66;6.81;6.81;9.93;1007.43;1013.22;997.21;5.12;8.38;10.96;7.61;-0.34;11.63;7.35;3.41;2.36;9.93
64071;2008-07-24;7.870;8.17;7.39;7.50;10.41;1015.10;1018.89;1012.93;4.92;7.03;8.79;7.83;-0.04;12.45;5.91;2.19;1.52;6.74
64071;2008-07-25;7.950;8.37;7.00;7.68;10.53;1019.21;1020.16;1017.81;4.93;7.03;8.91;7.95;0.01;13.94;5.93;2.08;1.41;8.03
64071;2008-07-26;8.340;8.86;7.64;7.97;10.75;1019.56;1021.43;1017.81;4.94;6.86;8.50;8.16;-0.18;9.95;5.27;1.64;1.12;6.72
64071;2008-07-27;8.970;10.08;8.22;8.58;11.20;1021.92;1022.40;1021.43;3.92;6.39;8.44;8.51;-0.45;7.61;5.85;1.43;1.02;8.46
64071;2008-07-28;8.870;9.35;8.17;8.32;11.01;1023.27;1026.21;1021.03;3.86;5.04;6.27;8.79;-0.09;9.09;6.31;1.53;1.06;10.04
64071;2008-07-29;9.830;10.66;9.25;9.18;11.66;1026.48;1026.89;1025.92;2.02;3.52;4.22;9.30;-0.53;6.20;6.47;1.31;0.89;8.79
64071;2008-07-30;9.120;9.98;7.83;8.70;11.30;1025.41;1026.11;1025.04;3.59;5.92;7.44;9.82;0.70;6.31;5.71;0.85;0.61;7.66
64071;2008-07-31;8.960;9.64;7.78;8.58;11.21;1026.28;1028.46;1025.04;5.98;7.79;10.20;9.54;0.54;10.91;4.06;1.08;0.77;4.81
64071;2008-08-01;9.120;9.35;8.81;7.55;10.45;1028.03;1028.94;1026.11;6.04;7.85;9.73;9.49;0.37;8.98;5.12;1.95;1.30;6.55
64071;2008-08-02;8.550;9.44;7.78;5.65;9.17;1023.25;1025.82;1020.84;5.10;6.27;8.32;9.46;0.91;10.11;4.92;1.48;1.00;5.97
64071;2008-08-03;8.170;8.61;7.73;6.17;9.50;1020.42;1020.74;1020.06;6.27;7.32;9.32;9.40;1.23;12.22;5.32;1.98;1.35;6.97
64071;2008-08-04;8.050;8.61;7.20;6.43;9.67;1020.76;1021.52;1019.96;7.30;8.26;10.55;9.36;1.31;11.32;5.62;2.34;1.63;8.05
64071;2008-08-05;6.810;7.44;6.03;4.85;8.68;1020.82;1021.52;1019.96;5.71;7.15;9.32;9.31;2.50;9.23;5.38;1.88;1.31;7.42
64071;2008-08-06;6.510;7.49;5.68;4.75;8.63;1018.85;1019.86;1018.01;4.57;6.15;7.44;9.07;2.57;10.16;4.65;1.18;0.81;6.27
64071;2008-08-07;7.920;8.32;7.25;6.34;9.61;1017.36;1017.91;1016.93;3.56;5.45;6.45;9.13;1.20;6.18;4.67;0.93;0.67;6.39
64071;2008-08-08;8.170;8.47;7.25;5.81;9.28;1015.00;1017.13;1013.22;2.40;3.81;4.92;9.37;1.20;5.68;6.04;1.35;0.88;6.89
64071;2008-08-09;6.920;7.49;6.51;3.80;8.06;1010.57;1012.93;1007.27;1.88;3.16;4.22;9.52;2.60;6.59;6.45;1.47;0.97;8.19
64071;2008-08-10;7.720;8.91;6.86;4.31;8.35;1003.82;1006.78;1001.60;2.08;3.93;5.39;9.69;1.97;8.46;5.68;0.68;0.47;8.12
64071;2008-08-11;6.600;7.00;6.17;2.58;7.43;1002.26;1004.24;1000.72;5.16;7.27;9.32;9.61;3.02;9.00;5.31;1.61;1.14;7.78
64071;2008-08-12;7.280;7.98;6.51;2.39;7.30;1006.04;1007.17;1004.34;3.03;4.51;5.92;9.66;2.35;8.68;6.18;1.56;1.06;8.57
64071;2008-08-13;7.940;9.10;6.61;3.93;8.13;1005.37;1006.48;1003.85;2.64;4.22;5.45;9.75;1.78;5.99;6.08;1.19;0.79;8.16
64071;2008-08-14;8.750;9.79;7.25;5.98;9.42;1001.67;1003.65;1000.72;6.84;9.90;12.42;9.67;0.92;8.44;4.67;1.48;1.01;6.62
64071;2008-08-15;9.750;10.37;9.30;7.83;10.65;1001.16;1004.63;999.06;8.09;10.96;16.76;9.50;-0.23;10.21;6.24;3.47;2.33;7.97
64071;2008-08-16;9.590;9.88;9.35;8.48;11.12;1008.61;1012.54;1005.02;5.84;8.50;11.43;9.46;-0.13;14.04;5.92;2.57;1.76;7.82
64071;2008-08-17;9.920;10.18;9.54;8.90;11.44;1014.95;1016.93;1012.64;6.55;8.14;10.66;9.51;-0.41;16.52;5.13;2.00;1.34;6.34
64071;2008-08-18;9.790;10.03;9.59;8.95;11.48;1014.64;1016.64;1012.25;6.14;6.97;9.20;9.60;-0.19;15.73;5.00;1.73;1.16;6.51
64071;2008-08-19;9.350;9.83;8.66;7.90;10.70;1008.89;1011.86;1007.27;5.69;7.09;9.08;9.65;0.31;13.88;5.71;1.84;1.29;7.43
64071;2008-08-20;8.360;8.91;7.15;7.24;10.24;1008.39;1010.29;1006.78;3.33;7.15;9.79;9.72;1.36;11.30;6.65;1.67;1.13;7.91
64071;2008-08-21;8.050;9.05;6.90;6.11;9.47;1010.44;1011.07;1009.61;6.29;7.68;9.49;9.66;1.54;17.72;5.12;1.69;1.18;6.48
64071;2008-08-22;9.310;9.83;8.37;7.59;10.50;1003.97;1009.32;997.21;5.58;8.55;11.19;9.65;0.34;15.43;5.38;1.52;1.03;6.94
64071;2008-08-23;9.860;10.18;9.54;9.36;11.80;989.71;996.72;984.02;8.56;10.66;14.00;9.67;-0.19;13.55;5.65;3.00;2.02;7.13
64071;2008-08-24;10.190;10.47;9.83;9.54;11.95;986.04;987.93;984.22;9.36;11.13;15.12;9.58;-0.62;16.30;6.78;4.68;3.07;8.90
64071;2008-08-25;10.140;10.86;9.39;9.21;11.68;986.47;988.71;984.22;9.77;14.59;20.80;9.40;-0.74;21.55;7.63;5.99;4.01;9.90
64071;2008-08-26;9.530;9.83;9.20;8.50;11.14;995.95;1004.24;989.10;6.88;9.26;12.30;9.34;-0.19;19.51;7.64;4.75;3.12;10.09
64071;2008-08-27;9.190;9.64;8.71;8.22;10.93;1006.16;1007.56;1004.34;5.35;6.86;9.38;9.48;0.29;18.95;7.07;3.28;2.17;9.05
64071;2008-08-28;8.990;9.35;8.27;7.42;10.36;1010.37;1014.00;1007.66;4.42;6.04;7.32;9.62;0.63;18.49;6.50;2.12;1.42;8.15
64071;2008-08-29;9.510;9.88;8.81;8.23;10.94;1014.02;1014.69;1012.83;8.13;10.08;14.41;9.60;0.06;22.07;5.24;2.21;1.52;6.41
64071;2008-08-30;9.870;10.13;9.69;9.07;11.58;1015.47;1016.35;1014.39;10.66;11.37;15.88;9.37;-0.51;24.04;6.64;4.73;3.18;7.87
64071;2008-08-31;9.850;10.08;9.59;9.20;11.68;1015.93;1016.84;1015.18;9.76;10.66;14.77;9.15;-0.70;19.74;6.59;4.40;3.03;8.29
64071;2008-09-01;9.510;9.83;9.05;7.47;10.41;1017.09;1017.42;1016.84;8.20;9.14;11.78;9.15;-0.37;16.04;6.08;3.35;2.29;8.03
64071;2008-09-02;7.670;9.00;6.22;4.25;8.33;1013.98;1016.74;1009.80;6.55;8.14;11.13;9.12;1.44;15.26;5.73;2.69;1.75;7.50
64071;2008-09-03;6.140;6.66;5.49;2.47;7.34;1004.84;1008.93;1002.19;6.98;8.85;11.95;9.01;2.88;13.68;5.40;2.23;1.59;6.43
64071;2008-09-04;5.210;5.73;4.71;2.35;7.28;1002.40;1003.75;1001.50;5.37;6.68;9.02;8.94;3.72;9.31;6.11;2.19;1.50;7.81
64071;2008-09-05;5.890;7.73;4.95;2.39;7.33;1005.28;1006.19;1003.75;4.35;8.61;11.54;8.87;2.98;9.46;7.28;2.54;1.63;9.40
64071;2008-09-06;7.800;8.76;6.81;5.84;9.31;1005.91;1007.75;1004.53;5.96;8.14;10.84;8.86;1.06;13.81;5.21;1.93;1.30;7.07
64071;2008-09-07;8.760;9.25;7.69;7.54;10.43;1009.57;1010.49;1008.05;6.38;8.38;10.72;8.91;0.16;12.51;4.53;1.54;1.06;5.60
64071;2008-09-08;9.010;9.25;8.17;7.62;10.49;1013.01;1014.69;1010.78;6.84;8.38;12.01;9.00;-0.02;15.66;5.20;2.04;1.40;6.51
64071;2008-09-09;8.880;9.30;8.42;7.80;10.63;1014.78;1015.66;1014.20;5.77;7.32;9.67;9.02;0.14;18.79;5.49;1.86;1.29;8.11
64071;2008-09-10;8.910;9.15;8.61;8.17;10.89;1015.62;1016.54;1012.64;6.54;8.26;11.54;9.01;0.10;22.27;5.88;2.31;1.57;9.03
64071;2008-09-11;9.790;10.71;9.10;8.89;11.44;1008.81;1012.34;1004.73;8.71;12.01;16.29;8.90;-0.89;18.23;5.70;2.91;1.99;6.89
64071;2008-09-12;9.980;10.18;9.74;9.24;11.71;1006.14;1010.78;1004.24;10.01;11.02;15.64;8.75;-1.23;16.59;7.52;5.48;3.68;10.20
64071;2008-09-13;9.440;9.88;8.76;8.71;11.30;1015.45;1017.13;1011.66;8.50;10.37;14.82;8.85;-0.59;10.90;6.96;3.89;2.78;10.04
64071;2008-09-14;9.280;9.59;8.86;8.59;11.20;1017.21;1017.91;1016.05;8.68;10.08;13.36;8.90;-0.38;12.04;6.60;3.87;2.64;8.75
64071;2008-09-15;9.260;9.39;8.71;8.10;10.84;1016.26;1017.32;1015.27;8.37;9.32;12.42;8.92;-0.34;10.55;6.22;3.35;2.27;8.70
64071;2008-09-16;8.890;9.44;8.37;7.76;10.59;1014.91;1016.35;1011.56;6.61;10.61;13.71;8.95;0.06;10.91;5.98;2.50;1.68;7.41
64071;2008-09-17;9.460;9.98;9.10;8.01;10.77;998.14;1010.68;985.39;13.77;16.05;23.79;8.56;-0.89;22.42;7.79;7.22;5.03;9.74
64071;2008-09-18;8.600;9.20;8.03;5.83;9.30;986.29;992.42;983.53;9.80;11.19;16.29;8.14;-0.46;15.78;8.47;7.03;4.77;11.06
64071;2008-09-19;8.510;8.96;7.54;5.89;9.32;998.33;1002.77;993.01;7.97;9.96;13.48;8.09;-0.42;15.93;7.60;5.08;3.38;9.63
64071;2008-09-20;8.380;9.25;7.34;6.49;9.74;996.93;1000.92;991.93;9.67;13.71;20.39;8.03;-0.34;18.71;7.91;6.39;4.13;10.09
64071;2008-09-21;7.980;8.27;7.29;5.40;9.02;1000.28;1003.95;998.77;7.95;8.85;11.89;8.01;0.03;21.20;7.11;3.91;2.80;8.74
64071;2008-09-22;6.670;7.49;5.05;3.68;7.99;1006.82;1011.37;1003.16;3.68;8.26;10.72;7.97;1.30;10.68;7.50;3.98;2.69;9.30
64071;2008-09-23;5.860;7.64;4.66;3.70;8.02;1015.47;1018.89;1011.66;3.63;7.03;9.26;7.93;1.98;7.25;7.12;3.03;1.96;8.47
64071;2008-09-24;7.900;8.91;6.32;7.00;10.09;1018.22;1019.18;1015.96;8.47;10.43;14.24;8.00;0.10;12.32;5.97;3.02;2.02;7.80
64071;2008-09-25;6.920;8.81;4.80;5.56;9.18;1016.56;1021.62;1014.10;7.52;10.25;13.77;8.03;1.07;10.99;6.98;3.62;2.49;10.23
64071;2008-09-26;7.770;8.81;6.86;6.17;9.52;1003.95;1021.52;975.33;9.17;14.47;20.68;7.93;0.16;15.27;6.98;4.51;3.01;9.29
64071;2008-09-27;5.020;7.78;3.39;2.82;7.60;993.77;1008.44;975.33;13.07;16.29;27.66;7.65;2.64;22.96;9.19;9.79;6.36;11.26
64071;2008-09-28;2.690;3.24;2.22;-2.91;4.97;1007.36;1009.02;1004.53;4.42;8.96;12.66;7.50;4.81;12.00;8.14;4.85;3.19;10.35
64071;2008-09-29;3.150;4.17;2.02;-0.70;5.87;1003.38;1004.53;1002.87;7.40;9.84;12.66;7.42;4.30;13.56;6.94;2.98;2.11;9.39
64071;2008-09-30;4.240;6.22;2.41;0.88;6.61;1001.07;1004.14;998.48;8.01;10.37;14.77;7.21;3.02;12.43;7.17;4.43;2.95;9.90
64071;2008-10-01;3.670;5.98;1.48;0.27;6.34;1009.04;1014.10;1001.70;11.79;13.59;19.39;6.96;3.29;18.68;7.42;6.02;4.10;9.76
64071;2008-10-02;1.340;2.22;-0.27;-2.24;5.22;1013.20;1013.61;1012.64;11.12;13.77;19.22;6.74;5.41;17.24;7.35;5.51;3.76;9.82
64071;2008-10-03;2.620;5.68;-0.47;-1.52;5.57;1010.31;1012.64;1008.14;10.42;14.77;23.50;6.59;3.97;18.91;8.10;6.48;4.31;10.20
64071;2008-10-04;2.490;3.49;0.95;-2.03;5.32;1007.65;1010.20;1005.90;9.27;11.89;17.23;6.31;3.83;14.88;7.45;5.39;3.68;9.67
64071;2008-10-05;1.340;2.31;0.51;-4.65;4.37;1005.02;1005.90;1004.53;4.97;8.09;10.61;6.21;4.87;9.85;6.48;2.74;1.87;8.45
64071;2008-10-06;2.720;3.54;1.44;-2.86;5.00;1009.58;1012.44;1006.19;4.25;5.92;7.73;6.11;3.38;5.68;7.40;2.70;1.81;9.77
64071;2008-10-07;5.040;6.46;3.49;1.61;6.95;1009.26;1012.44;1004.53;8.84;11.07;16.52;5.88;0.84;11.16;7.21;3.99;2.67;10.38
64071;2008-10-08;6.330;7.05;4.95;5.54;9.10;1000.08;1003.55;998.57;8.72;12.07;17.40;5.79;-0.54;19.36;8.00;6.06;4.09;9.73
64071;2008-10-09;5.490;6.56;4.37;4.85;8.67;998.06;1003.07;986.86;5.70;10.78;14.24;5.72;0.23;18.43;8.13;4.25;2.90;10.14
64071;2008-10-10;6.220;6.51;5.88;5.28;8.93;980.08;986.66;971.43;7.55;9.61;13.07;5.60;-0.63;19.35;8.47;4.93;3.47;13.28
64071;2008-10-11;5.270;5.73;5.00;4.73;8.60;979.97;993.11;971.43;6.52;11.13;15.35;5.66;0.39;15.05;9.06;4.92;3.52;12.41
64071;2008-10-12;4.090;5.20;3.44;2.53;7.38;998.78;1001.21;994.47;8.34;10.43;14.30;5.73;1.64;18.20;8.43;5.81;4.07;10.77
64071;2008-10-13;4.520;5.20;3.58;3.66;7.98;996.21;998.67;994.47;9.40;10.37;14.65;5.71;1.19;14.54;7.47;4.98;3.40;9.47
64071;2008-10-14;2.590;3.58;1.29;1.05;6.63;1001.25;1002.77;999.26;5.22;8.32;11.19;5.63;3.04;10.07;7.41;3.81;2.64;9.43
64071;2008-10-15;3.900;5.00;3.10;2.65;7.43;994.59;998.97;992.32;9.11;12.25;16.88;5.59;1.71;13.22;6.65;3.97;2.67;8.81
64071;2008-10-16;1.660;2.95;1.04;-3.20;4.90;1000.52;1002.87;995.74;7.08;11.48;16.58;5.50;3.84;9.84;6.75;3.71;2.52;8.79
64071;2008-10-17;4.980;5.78;2.80;3.86;8.11;986.62;997.50;980.90;8.80;11.89;15.70;5.42;0.48;11.32;6.04;3.36;2.31;7.48
64071;2008-10-18;3.150;5.20;0.95;1.52;6.91;981.07;982.85;979.34;6.04;11.78;14.47;5.40;2.25;8.06;7.08;3.39;2.29;8.45
64071;2008-10-19;0.890;2.66;-0.42;-2.01;5.33;987.14;989.59;982.17;7.50;12.48;16.00;5.29;4.40;10.78;7.26;4.10;2.85;9.50
64071;2008-10-20;3.010;4.07;0.75;1.07;6.67;970.36;981.00;965.57;12.56;15.41;24.90;5.16;2.15;16.87;7.60;6.40;4.31;9.45
64071;2008-10-21;2.640;3.63;1.29;1.20;6.70;971.45;976.70;965.76;14.76;15.70;23.85;4.84;2.18;24.18;9.76;11.46;7.76;12.29
64071;2008-10-22;3.710;5.20;1.24;2.74;7.49;980.30;983.73;975.62;8.99;14.36;21.33;4.72;1.01;17.59;8.84;7.36;5.17;11.50
64071;2008-10-23;4.170;6.22;0.80;2.19;7.22;972.48;983.73;965.57;8.03;14.06;20.74;4.67;0.50;20.61;7.93;5.95;4.09;9.77
64071;2008-10-24;2.690;5.88;1.34;0.61;6.46;953.62;965.66;940.57;12.96;16.70;26.78;4.54;1.85;20.65;8.24;7.63;5.23;9.54
64071;2008-10-25;2.440;3.78;1.58;0.00;6.17;970.48;974.16;967.13;10.30;12.77;19.22;4.27;1.84;18.10;8.93;7.67;5.27;11.63
64071;2008-10-26;3.300;4.12;1.00;0.85;6.55;986.71;1000.53;974.84;11.55;14.65;22.79;4.56;1.26;20.20;8.55;7.38;4.88;11.45
64071;2008-10-27;-2.380;0.85;-4.81;-5.57;4.11;1005.18;1008.05;1001.60;14.96;17.75;29.77;4.16;6.56;25.85;9.88;11.54;7.76;12.55
64071;2008-10-28;-0.890;-0.37;-1.49;-5.20;4.50;1006.34;1006.58;1006.09;10.21;16.46;26.54;3.53;4.43;17.52;10.58;10.94;7.64;14.08
64071;2008-10-29;-0.050;1.04;-1.15;-5.27;;;;;5.50;8.44;10.84;3.39;3.43;10.51;8.42;4.31;2.88;11.60
64071;2008-10-30;0.380;1.44;-0.86;-3.75;;;;;6.75;9.73;12.42;3.41;3.04;13.13;6.69;3.08;2.12;10.17
64071;2008-10-31;3.610;6.51;-0.57;0.23;;;;;11.19;13.71;20.92;3.32;-0.30;20.54;7.08;5.16;3.46;9.05
64071;2008-11-01;3.290;6.07;0.17;0.51;;;;;10.32;15.35;22.27;3.26;0.05;16.78;8.08;6.37;4.29;11.35
64071;2008-11-02;0.090;1.24;-0.47;-5.08;;;;;5.98;10.66;15.00;3.20;3.11;16.58;7.81;5.07;3.34;9.74
64071;2008-11-03;2.960;3.83;1.39;0.71;;;;;9.37;12.48;16.82;3.25;0.30;16.75;6.69;3.46;2.43;10.11
64071;2008-11-04;3.010;3.88;1.83;0.39;;;;;7.73;12.60;17.64;3.31;0.30;17.75;7.60;4.75;3.34;9.98
64071;2008-11-05;3.860;4.41;3.15;3.25;;;;;7.24;10.84;14.71;3.38;-0.48;19.62;6.50;3.47;2.30;8.39
64071;2008-11-06;3.600;4.12;2.90;3.13;;;;;4.64;7.50;9.55;3.50;-0.13;14.98;8.31;2.93;2.07;14.73
64071;2008-11-07;4.280;4.66;3.88;4.00;;;;;7.75;10.49;15.41;3.53;-0.75;23.33;6.18;2.55;1.78;8.97
64071;2008-11-08;4.590;4.80;4.41;4.36;;;;;7.31;7.91;10.43;3.60;-1.00;21.61;6.67;3.37;2.24;8.42
64071;2008-11-09;4.320;4.56;4.02;4.09;;;;;5.10;7.79;12.13;3.65;-0.67;18.37;7.65;3.57;2.43;10.24
64071;2008-11-10;2.570;4.32;-0.08;1.84;;;;;9.63;13.71;20.16;3.64;1.10;17.63;8.21;5.91;4.02;10.50
64071;2008-11-11;-2.270;-0.03;-5.55;-6.23;;;;;10.38;12.25;18.11;3.48;5.76;14.92;8.03;6.66;4.41;10.70
64071;2008-11-12;-3.930;0.65;-6.04;-8.10;;;;;5.80;11.95;21.09;3.33;7.26;11.19;7.90;3.96;2.69;10.48
64071;2008-11-13;-0.930;1.39;-4.03;-4.05;;;;;8.01;12.60;16.99;3.30;4.24;10.02;6.80;3.58;2.50;9.10
64071;2008-11-14;-0.740;0.17;-1.79;-6.16;;;;;7.69;11.48;18.11;3.17;3.91;12.40;7.25;3.96;2.74;10.02
64071;2008-11-15;-1.010;0.70;-2.37;-5.95;;;;;10.02;12.89;17.40;3.08;4.09;12.24;6.36;4.20;2.78;7.96
64071;2008-11-16;0.650;3.15;-2.67;-2.61;;;;;10.19;13.77;20.98;3.00;2.34;13.88;6.38;3.99;2.73;7.86
64071;2008-11-17;0.580;3.10;-4.86;-1.40;;;;;11.68;15.94;23.32;2.92;2.40;12.41;7.45;5.93;4.05;10.00
64071;2008-11-18;-5.190;-3.94;-6.23;-9.57;;;;;7.05;14.12;22.15;2.81;8.02;9.58;8.56;6.59;4.35;10.92
64071;2008-11-19;-3.920;-2.57;-6.77;-7.09;;;;;10.03;14.82;20.68;2.87;6.79;13.60;8.19;5.14;3.54;11.32
64071;2008-11-20;-6.520;-5.11;-8.04;-10.64;;;;;11.17;12.42;21.21;2.92;9.44;16.32;8.84;7.23;4.90;12.36
64071;2008-11-21;-6.210;-4.33;-7.60;-10.18;;;;;11.75;13.07;19.69;2.74;8.96;16.55;8.01;7.03;4.64;10.96
64071;2008-11-22;-3.510;-0.96;-5.01;-8.81;;;;;6.47;11.78;16.76;2.63;6.15;13.92;7.39;4.10;2.83;9.54
64071;2008-11-23;0.690;2.12;-0.86;-1.64;;;;;7.19;10.20;13.01;2.57;1.93;9.43;6.82;3.94;2.54;8.65
64071;2008-11-24;1.110;2.31;0.07;-1.66;;;;;5.61;8.55;11.19;2.54;1.43;8.80;6.65;2.97;2.02;8.53
64071;2008-11-25;-0.390;3.10;-4.91;-3.04;;;;;11.38;13.54;21.33;2.58;2.97;14.05;6.23;4.06;2.74;8.13
64071;2008-11-26;-4.470;-0.47;-6.72;-7.26;;;;;12.68;15.82;24.08;2.49;6.96;20.78;8.83;8.82;5.86;11.48
64071;2008-11-27;0.420;1.53;-0.86;-1.76;;;;;13.63;16.88;25.78;2.32;1.95;22.11;9.36;10.43;6.75;11.89
64071;2008-11-28;-1.170;0.07;-2.47;-2.93;;;;;13.97;16.82;24.38;2.22;3.39;20.37;9.60;10.50;7.24;12.47
64071;2008-11-29;-0.150;2.31;-2.76;-4.06;;;;;9.05;11.48;17.40;2.07;2.32;11.23;8.58;6.77;4.76;11.79
64071;2008-11-30;-4.110;-2.71;-5.30;-10.01;;;;;5.44;8.67;12.07;1.73;5.86;5.66;8.25;4.32;2.93;11.59
64071;2008-12-01;-2.530;0.60;-4.72;-5.88;;;;;6.46;11.25;15.59;1.75;4.28;7.07;6.79;3.00;2.01;9.25
64071;2008-12-02;0.320;1.14;-1.15;-1.45;;;;;8.00;12.19;17.05;1.72;1.33;8.03;7.02;3.97;2.67;9.72
64071;2008-12-03;1.280;1.88;0.95;0.53;;;;;6.92;9.02;12.36;1.69;0.41;9.44;6.87;3.07;2.12;9.53
64071;2008-12-04;1.450;2.36;0.80;;;;;;5.81;8.85;11.66;1.61;0.18;9.72;6.36;3.12;2.11;8.18
64071;2008-12-05;1.310;2.36;-0.32;;;;;;2.36;5.39;9.55;1.63;0.32;6.16;6.99;3.02;2.02;8.47
64071;2008-12-06;-0.330;2.36;-2.08;;;;;;7.29;11.78;16.29;1.75;2.06;9.17;6.82;2.98;2.05;8.91
64071;2008-12-07;1.590;2.22;0.65;;;;;;7.78;13.01;18.46;1.69;0.11;13.43;6.36;3.46;2.37;7.40
64071;2008-12-08;0.870;1.53;-0.22;;;;;;13.39;15.00;22.27;1.92;1.05;20.11;7.63;7.65;4.98;8.93
64071;2008-12-09;1.160;1.73;0.22;;;;;;10.55;15.94;24.79;2.21;1.05;16.98;9.45;9.55;6.44;12.17
64071;2008-12-10;1.900;3.73;0.41;;;;;;10.44;13.54;18.57;2.50;0.60;16.89;7.12;4.91;3.26;9.28
64071;2008-12-11;2.970;3.73;2.07;2.00;;;;;9.42;14.06;20.68;2.48;-0.50;18.59;8.12;6.97;4.63;9.97
64071;2008-12-12;2.870;3.19;2.31;1.40;;;;;9.73;10.90;16.41;2.41;-0.46;17.63;7.26;4.72;3.17;9.00
64071;2008-12-13;3.520;3.88;3.10;2.49;;;;;10.84;12.83;18.93;2.36;-1.16;19.56;8.95;7.99;5.38;11.97
64071;2008-12-14;2.560;3.44;0.85;1.77;;;;;6.84;9.90;13.71;2.38;-0.18;12.44;10.14;7.80;5.23;14.37
64071;2008-12-15;1.910;3.29;0.70;1.40;;;;;8.01;13.01;17.64;2.41;0.50;15.83;7.94;5.05;3.44;11.22
64071;2008-12-16;0.440;1.78;-1.49;-1.10;;;;;7.70;11.07;15.82;2.39;1.95;12.27;8.62;5.60;3.87;11.73
64071;2008-12-17;0.250;1.53;-0.96;-1.77;;;;;6.85;10.49;14.53;2.46;2.17;10.30;8.73;5.18;3.39;12.12
64071;2008-12-18;-1.220;0.17;-2.71;-4.47;;;;;10.17;14.88;18.46;2.42;3.64;13.26;7.19;3.84;2.68;9.35
64071;2008-12-19;-1.780;-1.45;-2.32;-4.91;;;;;4.19;6.62;9.73;2.39;4.18;7.86;8.93;3.67;2.65;13.26
64071;2008-12-20;-1.460;-0.22;-3.20;-5.37;;;;;6.92;13.71;16.99;2.38;3.83;10.06;8.73;4.68;3.22;11.35
64071;2008-12-21;-1.980;-1.20;-3.01;-6.67;;;;;7.46;12.89;15.94;2.34;4.28;10.82;8.12;4.07;2.80;10.54
64071;2008-12-22;-2.430;-0.18;-3.35;-8.24;;;;;6.66;15.18;19.69;2.31;4.74;11.91;9.44;4.18;3.01;14.04
64071;2008-12-23;2.190;3.44;-0.52;0.87;;;;;9.83;14.30;23.03;2.33;0.14;18.68;7.71;5.77;3.83;9.35
64071;2008-12-24;3.240;4.02;2.07;1.31;;;;;10.63;15.76;23.73;2.24;-1.00;20.36;8.33;6.04;4.20;10.75
64071;2008-12-25;2.310;3.05;0.75;-0.07;;;;;9.96;15.47;23.79;2.10;-0.21;17.02;8.71;6.28;4.33;11.91
64071;2008-12-26;1.780;2.51;0.56;-1.76;;;;;11.88;16.05;25.08;2.07;0.30;21.15;9.62;9.27;6.23;12.67
64071;2008-12-27;1.930;2.61;1.04;0.89;;;;;7.62;9.55;12.25;2.04;0.10;11.25;7.11;3.53;2.48;9.17
64071;2008-12-28;1.390;2.56;0.56;0.81;;;;;7.82;9.32;12.01;2.00;0.60;12.09;6.78;2.87;2.06;13.22
64071;2008-12-29;2.170;2.61;1.83;0.76;;;;;6.62;8.14;10.55;1.86;-0.32;7.95;6.82;3.32;2.15;9.35
64071;2008-12-30;-0.550;2.56;-4.81;-2.66;;;;;8.87;14.30;19.98;1.68;2.24;12.68;7.20;4.80;3.13;8.84
64071;2008-12-31;-5.410;-4.81;-6.08;-10.89;;;;;6.07;9.14;14.24;2.02;7.44;7.40;7.41;4.16;2.79;9.51
64071;2009-01-01;-4.040;-1.30;-5.16;-9.14;;;;;5.06;8.44;11.60;1.49;5.54;8.73;7.53;2.51;1.76;9.93
64071;2009-01-02;-0.330;1.04;-1.98;-2.27;;;;;7.18;8.55;12.36;1.63;1.96;9.79;6.04;2.37;1.67;10.17
64071;2009-01-03;-0.940;0.07;-1.54;-5.15;;;;;4.75;11.72;14.00;1.80;2.76;9.81;6.86;2.79;1.89;9.96
64071;2009-01-04;-0.810;0.80;-1.64;-4.16;;;;;6.22;11.78;14.82;1.64;2.45;6.38;7.23;2.54;1.83;10.33
64071;2009-01-05;-1.230;1.48;-6.23;-3.02;;;;;9.08;12.54;17.52;1.72;3.07;8.48;6.45;3.32;2.34;8.18
64071;2009-01-06;-7.170;-5.94;-8.04;-11.99;;;;;8.62;11.95;17.46;1.77;8.95;11.91;7.72;5.33;3.56;9.80
64071;2009-01-07;-1.150;1.88;-5.99;-2.95;;;;;9.19;17.17;22.68;1.74;2.89;13.46;7.28;4.09;2.80;9.38
64071;2009-01-08;-0.610;0.46;-1.45;-2.32;;;;;6.11;9.02;12.54;1.64;2.25;6.45;6.82;3.31;2.22;8.49
64071;2009-01-09;0.920;3.19;-2.37;0.27;;;;;9.00;12.77;16.88;1.69;0.77;14.89;7.23;4.12;2.90;9.96
64071;2009-01-10;-0.150;1.19;-2.27;-1.44;;;;;9.98;13.83;20.39;1.64;1.79;12.43;8.30;6.47;4.35;11.97
64071;2009-01-11;-0.580;0.22;-1.59;-4.23;;;;;11.77;15.29;23.03;1.72;2.30;18.82;10.12;10.32;6.82;12.82
64071;2009-01-12;-3.240;-1.74;-5.69;-8.17;;;;;8.57;12.89;19.22;1.69;4.96;13.72;8.71;6.45;4.36;11.77
64071;2009-01-13;-7.020;-6.28;-7.89;-13.25;;;;;5.25;9.79;14.06;1.61;8.64;7.80;8.44;4.62;3.09;11.70
64071;2009-01-14;-1.080;1.34;-6.47;-3.67;;;;;8.79;11.54;15.12;1.63;2.70;10.18;7.14;3.75;2.57;8.87
64071;2009-01-15;1.160;1.88;0.90;-1.54;;;;;10.90;13.77;20.45;1.55;0.39;16.61;6.64;4.56;3.16;8.32
64071;2009-01-16;2.560;2.90;1.97;1.95;;;;;9.05;11.43;16.52;1.57;-0.98;13.09;10.61;10.23;6.84;13.57
64071;2009-01-17;2.330;2.90;1.92;1.60;;;;;8.33;10.43;16.00;1.62;-0.69;12.74;10.24;7.52;5.27;14.10
64071;2009-01-18;2.500;3.63;0.65;1.35;;;;;9.86;13.42;19.39;1.66;-0.83;15.58;9.96;7.65;5.36;13.45
64071;2009-01-19;1.990;3.24;0.75;1.09;;;;;7.45;11.84;17.52;1.67;-0.32;12.78;9.55;7.60;5.24;12.85
64071;2009-01-20;2.180;2.61;1.39;1.58;;;;;5.95;7.03;9.67;1.65;-0.53;9.53;8.52;4.34;3.00;10.25
64071;2009-01-21;0.270;1.83;-1.01;-0.68;;;;;4.35;7.03;9.26;1.61;1.34;7.06;8.96;4.21;2.86;11.55
64071;2009-01-22;1.340;2.46;0.36;0.24;;;;;7.99;10.78;15.59;1.59;0.27;11.83;6.79;3.10;2.19;8.53
64071;2009-01-23;2.480;2.95;1.48;1.19;;;;;9.75;12.19;17.87;1.62;-0.86;15.86;9.67;8.28;5.75;13.41
64071;2009-01-24;2.420;2.90;1.97;1.57;;;;;6.65;8.55;11.95;1.65;-0.76;9.36;8.65;5.75;3.95;11.65
64071;2009-01-25;1.630;2.31;0.60;1.19;;;;;4.49;6.80;8.73;1.64;0.01;5.76;8.06;4.54;3.07;9.86
64071;2009-01-26;0.960;1.97;0.26;0.73;;;;;4.06;6.56;8.96;1.59;0.67;7.48;7.74;3.49;2.38;9.10
64071;2009-01-27;1.490;3.00;-0.27;0.70;;;;;8.21;11.54;16.93;1.56;0.07;11.47;7.86;4.66;3.04;10.58
64071;2009-01-28;1.390;2.27;0.56;0.62;;;;;6.98;12.60;16.82;1.53;0.13;8.94;8.55;4.80;3.33;10.66
64071;2009-01-29;1.550;2.41;-0.13;0.19;;;;;9.01;12.19;16.99;1.51;-0.04;11.76;7.86;5.30;3.55;11.03
64071;2009-01-30;-0.390;0.02;-0.96;-0.74;;;;;3.13;5.80;7.56;1.42;1.81;6.41;8.54;4.15;2.84;10.26
64071;2009-01-31;1.570;3.24;-1.64;0.64;;;;;10.63;16.70;24.43;1.45;-0.12;17.27;9.72;7.45;5.04;12.89
64071;2009-02-01;-1.330;0.12;-1.93;-3.97;4.60;1025.37;1027.77;1017.52;5.32;10.08;16.58;1.38;2.71;10.78;9.08;6.40;4.32;12.27
64071;2009-02-02;-0.150;1.00;-2.96;-0.53;5.92;1027.77;1028.85;1026.60;5.60;7.62;9.90;1.35;1.51;11.49;7.86;3.59;2.26;10.49
64071;2009-02-03;-5.160;-3.15;-6.96;;;;1028.16;1025.62;8.93;13.54;19.28;1.47;6.63;16.80;6.40;3.15;2.23;8.46
64071;2009-02-04;-1.800;-0.76;-5.01;;;;1026.99;1020.45;13.72;16.99;23.44;1.51;3.31;22.06;8.17;7.19;4.99;10.85
64071;2009-02-05;-1.420;0.46;-3.35;;;;1022.40;1016.74;10.73;13.65;20.21;1.46;2.85;15.60;8.22;7.08;4.65;11.43
64071;2009-02-06;-0.980;-0.08;-1.93;;;;1020.16;1019.08;7.18;8.67;11.66;1.41;2.40;10.18;7.97;4.70;3.27;11.44
64071;2009-02-07;-1.530;-0.71;-2.32;;;;1019.67;1014.78;6.62;10.14;13.54;1.38;2.91;9.12;7.92;4.17;2.90;10.67
64071;2009-02-08;-1.610;-1.10;-2.03;;;;1015.08;1011.17;5.44;8.20;10.25;1.32;2.93;8.86;7.37;3.18;2.15;9.95
64071;2009-02-09;-1.400;-0.52;-2.27;;;;1013.52;1011.07;5.82;8.67;11.31;1.38;2.78;8.73;7.56;3.65;2.49;9.98
64071;2009-02-10;-1.920;-0.86;-3.20;;;;1016.93;1012.83;10.36;12.66;17.87;1.41;3.33;13.78;8.09;5.81;3.86;11.14
64071;2009-02-11;-1.400;-0.91;-2.08;;;;1028.07;1017.42;9.81;11.60;17.40;1.33;2.70;14.00;9.09;7.22;4.88;12.47
64071;2009-02-12;-3.560;-2.32;-4.23;;;;1032.85;1028.46;6.90;9.84;14.24;1.32;4.89;7.91;8.43;4.89;3.29;11.93
64071;2009-02-13;-3.270;-1.40;-3.84;;;;1033.05;1029.63;3.53;7.62;9.96;1.30;4.56;6.02;8.49;3.32;2.28;10.42
64071;2009-02-14;0.220;1.58;-1.05;;;;1028.75;1019.18;9.77;11.72;15.88;1.26;1.04;12.96;6.95;4.39;3.05;9.03
64071;2009-02-15;1.310;1.63;0.12;;;;1019.28;1012.44;6.12;7.91;14.00;1.22;-0.08;7.68;6.93;3.30;2.23;8.82
64071;2009-02-16;0.700;1.68;-0.37;;;;1011.95;1001.89;6.20;9.73;13.07;1.24;0.54;8.36;6.67;3.54;2.43;8.28
64071;2009-02-17;0.690;2.46;-1.25;;;;1013.03;994.67;8.38;12.48;16.76;1.25;0.56;10.96;7.24;4.58;3.05;8.84
64071;2009-02-18;1.960;2.61;1.53;;;;1011.95;1008.93;8.05;10.66;14.30;1.22;-0.75;9.00;7.08;3.91;2.65;9.41
64071;2009-02-19;0.630;1.09;-0.57;;;;1013.52;1009.61;7.45;10.20;14.06;1.22;0.59;8.70;7.46;3.54;2.42;9.42
64071;2009-02-20;-3.420;-0.03;-6.47;;;;1012.44;1009.51;8.45;11.48;15.29;1.32;4.69;6.93;8.06;4.31;3.15;11.67
64071;2009-02-24;-7.850;-7.21;-8.28;;;;1014.69;1013.81;5.98;7.03;10.78;1.17;9.02;7.76;8.63;5.12;3.30;11.57
64071;2009-02-25;-4.620;-3.64;-7.01;;;;1016.64;1013.91;12.06;15.23;20.39;1.22;5.84;11.60;8.62;5.44;3.83;12.60
64071;2009-02-26;-7.400;-5.16;-8.48;;;;1016.25;1012.34;8.64;13.30;18.57;1.20;8.61;9.18;7.59;4.31;3.08;11.32
64071;2009-02-27;-5.630;-1.74;-7.94;;;;1013.22;1011.76;5.06;10.14;15.70;1.17;6.85;6.48;8.09;3.41;2.24;10.33
64071;2009-02-28;-0.330;1.24;-1.69;;;;1014.59;1003.36;10.19;12.77;17.52;1.21;1.54;12.67;6.86;4.25;2.95;9.06
64071;2009-03-01;-0.110;0.51;-0.57;-1.90;5.36;999.89;1002.68;998.57;8.49;12.83;15.76;1.03;1.13;11.35;7.08;4.13;2.75;9.45
64071;2009-03-02;0.400;1.48;-0.96;-2.19;5.25;996.19;999.36;989.78;9.41;16.70;21.86;0.84;0.43;10.25;6.83;3.57;2.37;9.10
64071;2009-03-03;0.600;1.53;-0.08;-1.58;5.49;987.73;993.11;980.51;6.72;15.82;21.50;1.18;0.58;14.37;7.48;5.66;3.88;8.69
64071;2009-03-04;-1.920;-0.32;-2.96;-4.21;4.51;997.14;998.77;993.89;12.23;16.29;21.97;0.90;2.80;10.78;7.63;5.59;3.63;9.42
64071;2009-03-05;-0.130;2.46;-2.62;-0.92;5.79;1002.17;1005.02;998.97;8.91;13.48;18.93;1.01;1.11;12.78;8.43;6.43;4.33;11.90
64071;2009-03-06;1.730;2.36;1.00;0.99;6.60;1003.17;1005.12;1000.33;6.28;10.90;15.12;0.91;-0.82;10.08;7.70;4.37;3.01;11.02
64071;2009-03-07;0.170;0.95;-0.27;-1.78;5.41;998.63;1000.14;994.47;5.28;10.49;13.77;1.27;1.10;9.52;7.10;3.13;2.15;8.97
64071;2009-03-08;1.770;2.51;0.46;0.92;6.57;988.22;992.72;983.34;6.98;11.72;15.47;1.28;-0.49;12.59;7.26;4.86;3.21;8.59
64071;2009-03-09;1.180;1.83;0.26;0.40;6.32;996.76;998.77;993.20;8.90;11.43;18.16;1.20;0.02;9.36;7.88;5.15;3.59;10.31
64071;2009-03-10;-0.450;0.70;-2.71;-1.46;5.54;1003.97;1007.95;999.55;9.45;10.84;15.06;1.19;1.64;11.65;7.03;4.58;3.28;8.78
64071;2009-03-11;-0.740;1.04;-3.50;-2.39;5.18;1010.50;1012.44;1008.14;6.75;9.84;14.24;1.18;1.92;10.89;6.40;3.04;2.04;7.96
64071;2009-03-12;0.540;1.48;-0.96;-0.28;6.03;1007.05;1011.66;1003.65;10.34;12.83;18.46;1.18;0.58;16.21;7.25;5.60;3.81;9.65
64071;2009-03-13;-0.320;0.70;-1.01;-2.44;5.14;1006.82;1009.22;1003.75;9.82;12.07;18.05;1.26;1.58;13.77;7.78;5.86;3.93;9.99
64071;2009-03-14;0.480;2.17;-1.15;-2.50;5.19;1010.78;1013.03;1009.12;8.93;10.08;14.65;1.18;0.70;10.66;7.26;4.59;3.16;9.85
64071;2009-03-15;1.110;2.17;-0.37;0.01;6.16;1011.73;1013.03;1009.51;6.29;10.20;13.83;1.22;0.12;12.79;7.67;4.41;2.96;10.34
64071;2009-03-16;-0.870;0.70;-3.10;-1.94;5.35;1008.11;1010.39;1005.22;8.89;16.52;20.45;1.22;2.09;9.69;6.94;3.39;2.33;10.30
64071;2009-03-17;-2.900;-2.08;-3.69;-5.87;3.98;1011.43;1015.27;1005.12;8.32;18.16;23.14;1.26;4.16;12.45;7.53;4.35;2.97;8.80
64071;2009-03-18;-0.310;1.88;-2.62;-1.92;5.43;1017.84;1019.86;1015.37;8.91;13.12;17.40;1.14;1.45;10.58;7.34;3.56;2.45;10.18
64071;2009-03-19;0.950;1.19;0.70;0.04;6.16;1018.22;1019.18;1017.13;2.73;6.15;8.32;0.65;-0.30;5.94;7.05;2.63;1.86;10.23
64071;2009-03-20;-0.470;0.56;-1.54;-2.39;5.18;1015.17;1016.74;1014.39;8.76;13.77;16.93;0.58;1.05;9.62;6.05;2.48;1.73;8.90
64071;2009-03-21;0.680;1.78;-0.62;-0.37;6.00;1016.04;1017.42;1013.81;8.54;14.71;19.22;0.63;-0.05;9.00;6.23;3.28;2.23;7.72
64071;2009-03-22;0.620;1.39;-0.27;0.27;6.27;1012.19;1013.22;1010.78;3.03;6.45;8.09;0.73;0.12;6.03;7.52;2.63;1.75;9.78
64071;2009-03-23;-2.270;0.22;-4.38;-3.43;4.81;1008.32;1010.49;1005.90;8.22;9.38;12.48;1.26;3.53;10.77;6.62;3.10;2.18;9.57
64071;2009-03-24;-2.350;-1.35;-4.03;-3.99;4.60;1007.06;1008.53;1005.41;3.91;10.14;11.78;1.33;3.68;6.53;6.82;2.04;1.48;10.14
64071;2009-03-25;-1.490;0.07;-2.42;-4.27;4.52;1006.72;1007.66;1005.70;11.30;16.05;20.92;1.36;2.85;11.68;6.81;3.94;2.76;8.59
64071;2009-03-26;-2.970;-1.10;-5.69;-6.23;3.91;1004.74;1007.27;1002.48;13.54;16.17;22.50;1.39;4.43;13.43;7.51;6.06;3.95;10.06
64071;2009-03-27;-4.950;-4.57;-5.50;-7.42;3.54;1003.23;1004.34;1002.09;15.24;17.58;24.79;1.29;6.24;16.97;6.79;5.28;3.48;8.72
64071;2009-03-28;-3.540;-0.27;-5.01;-4.72;4.36;1002.94;1003.36;1002.38;13.79;19.28;25.31;1.32;4.86;18.98;7.88;7.39;5.01;9.92
64071;2009-03-29;-0.650;0.95;-2.32;-2.17;5.28;995.73;1001.99;988.32;5.83;12.30;17.70;1.32;1.94;11.15;7.72;4.90;3.35;9.82
64071;2009-03-30;0.440;1.04;-0.22;-0.93;5.75;988.95;994.18;986.86;7.96;16.00;23.26;1.20;0.76;10.11;8.88;6.88;4.75;11.09
64071;2009-03-31;0.990;1.53;0.60;-0.34;5.99;1003.22;1008.63;994.86;10.56;15.41;22.85;1.05;0.06;14.58;8.66;7.73;5.14;11.65
64071;2009-04-01;1.370;1.73;0.80;0.00;6.14;1009.18;1009.90;1008.63;11.19;14.30;21.50;1.27;-0.10;19.15;6.92;5.15;3.47;8.98
64071;2009-04-02;1.390;2.02;0.80;-0.16;6.07;1008.62;1009.22;1008.24;11.71;14.71;21.86;1.34;-0.05;20.15;8.01;7.54;4.95;10.32
64071;2009-04-03;2.240;2.41;1.88;0.19;6.22;1009.04;1009.80;1008.44;9.86;10.90;15.82;1.51;-0.73;14.84;7.19;4.97;3.33;9.90
64071;2009-04-04;2.100;2.46;1.58;1.11;6.66;1008.48;1008.93;1007.75;9.60;12.30;17.58;1.53;-0.57;16.48;7.22;5.43;3.59;9.21
64071;2009-04-05;0.470;1.48;-1.25;-0.04;6.13;1007.20;1009.32;1006.00;3.42;5.16;7.50;1.71;1.24;5.70;7.46;3.66;2.40;8.62
64071;2009-04-06;0.660;1.92;-0.62;0.01;6.15;1006.26;1008.34;1004.04;3.42;6.21;7.73;1.78;1.12;5.07;7.12;2.58;1.77;7.93
64071;2009-04-07;1.920;3.05;0.70;1.31;6.75;1006.17;1006.68;1004.82;8.05;9.84;13.54;1.63;-0.29;10.64;6.25;2.73;1.88;8.85
64071;2009-04-08;3.120;3.29;3.00;2.38;7.29;1001.16;1004.43;999.94;9.14;12.77;17.70;1.90;-1.22;15.43;7.11;4.90;3.31;8.61
64071;2009-04-09;1.490;3.00;-0.71;0.91;6.57;999.41;1002.48;996.52;4.11;7.56;9.96;2.07;0.60;6.54;7.38;3.77;2.52;9.14
64071;2009-04-10;-0.270;0.80;-1.35;-0.61;5.88;996.54;996.91;995.94;5.43;8.79;11.37;2.01;2.28;5.91;7.37;3.45;2.34;9.36
64071;2009-04-11;1.000;1.73;-0.62;0.45;6.35;996.91;997.60;994.77;10.92;13.18;20.39;1.96;0.96;11.44;6.43;4.56;3.13;7.89
64071;2009-04-12;-1.410;-0.42;-2.47;-3.90;4.64;996.38;1001.31;993.30;10.31;14.00;20.98;1.91;3.32;16.33;8.18;7.19;4.75;10.30
64071;2009-04-13;-2.600;-2.08;-2.96;-9.35;3.05;1016.70;1025.33;1002.28;4.44;6.21;8.73;1.92;4.52;7.58;8.09;4.10;2.73;10.44
64071;2009-04-14;-0.740;0.22;-2.37;-5.09;4.24;1026.79;1027.87;1025.62;4.07;7.91;10.31;1.95;2.64;5.42;6.91;2.25;1.53;9.26
64071;2009-04-15;0.500;1.68;-0.81;-0.71;5.84;1025.95;1027.29;1024.94;7.65;9.26;11.72;1.30;0.80;8.44;6.11;2.27;1.66;8.92
64071;2009-04-16;-1.420;0.75;-2.27;-3.38;4.82;1025.91;1026.99;1023.87;8.05;11.43;14.47;1.41;2.83;12.59;5.40;2.71;1.81;6.46
64071;2009-04-17;-3.840;-1.45;-5.21;-6.42;3.84;1025.86;1026.99;1023.87;6.34;11.78;14.36;1.86;4.43;7.32;6.79;2.96;2.02;9.61
64071;2009-04-18;-1.500;1.34;-4.42;-2.99;4.99;1022.13;1025.72;1019.67;5.69;9.26;12.77;;;;6.31;2.42;1.61;8.42
64071;2009-04-19;0.220;1.78;-0.71;-3.08;4.93;1025.75;1027.68;1022.79;10.91;14.47;17.81;;;;5.97;3.09;2.14;8.07
64071;2009-04-20;2.100;2.51;1.48;1.09;6.65;1015.62;1022.21;1011.66;9.09;11.37;14.82;;;;5.93;3.34;2.27;7.03
64071;2009-04-21;1.800;3.24;-0.27;1.28;6.75;1007.35;1011.86;1005.70;7.00;10.61;13.89;;;;6.57;3.29;2.29;8.15
64071;2009-04-22;-1.040;1.14;-2.32;-2.14;5.28;1011.20;1013.81;1007.46;5.13;8.73;11.48;;;;7.46;2.96;2.02;11.11
64071;2009-04-23;2.540;3.00;0.85;1.32;6.76;1001.50;1007.66;997.50;7.84;11.02;16.64;;;;7.62;4.63;3.25;10.43
64071;2009-04-24;2.510;2.75;2.12;1.76;6.97;1003.93;1006.58;1001.99;4.05;7.27;9.32;;;;8.88;4.56;3.08;12.53
64071;2009-04-25;1.360;2.12;0.85;0.88;6.55;1007.53;1008.73;1005.12;5.81;7.85;10.96;;;;7.39;3.79;2.54;9.92
64071;2009-04-26;1.570;1.92;1.34;0.88;6.55;1002.40;1004.82;1001.50;6.26;8.55;11.19;;;;6.42;2.89;1.91;8.77
64071;2009-04-27;0.450;1.53;-0.96;-1.36;5.59;1005.65;1009.41;1002.09;8.61;11.95;14.65;;;;5.24;2.42;1.61;7.19
64071;2009-04-28;-0.850;-0.37;-1.59;-4.04;4.56;1013.31;1015.57;1009.51;6.31;12.01;15.59;;;;6.14;2.62;1.75;7.87
64071;2009-04-29;1.630;3.05;-0.27;-0.11;6.12;1014.70;1015.57;1014.10;9.86;13.42;16.52;;;;5.54;2.46;1.69;6.49
64071;2009-04-30;3.050;3.44;2.51;2.51;7.35;1008.98;1014.49;1003.95;7.35;8.55;10.66;;;;5.46;2.38;1.60;6.60
64071;2009-05-01;3.220;3.58;2.36;2.42;7.31;1002.02;1004.92;998.18;9.10;10.55;14.06;;;;5.95;3.40;2.29;7.55
64071;2009-05-02;2.920;3.49;1.73;2.59;7.40;992.34;997.79;989.00;7.48;9.02;11.72;;;;8.87;5.26;3.52;12.75
64071;2009-05-03;1.030;1.58;-0.81;0.51;6.38;997.31;1000.82;991.54;8.90;10.31;13.65;;;;7.93;4.76;3.22;11.38
64071;2009-05-04;0.790;2.51;-0.91;0.31;6.29;997.15;1000.72;991.35;5.68;8.79;10.90;;;;6.46;2.50;1.70;8.80
64071;2009-05-05;3.270;3.73;2.41;2.39;7.29;988.74;990.96;987.54;10.17;11.25;15.88;;;;6.00;3.58;2.50;6.55
64071;2009-05-06;2.810;3.19;2.46;2.10;7.14;993.27;994.47;991.45;8.50;9.61;13.01;;;;6.25;3.50;2.33;8.14
64071;2009-05-07;2.730;3.44;1.63;2.10;7.14;987.03;991.25;983.44;10.37;11.66;16.35;;;;6.53;4.46;3.06;8.13
64071;2009-05-08;3.180;3.68;1.97;2.40;7.30;985.56;987.34;984.12;10.59;13.01;20.27;;;;7.23;5.17;3.53;9.23
64071;2009-05-09;0.480;1.29;-1.15;-1.04;5.71;994.84;1003.07;987.73;13.14;14.12;20.51;;;;7.96;7.66;5.03;10.13
64071;2009-05-10;0.950;2.61;-1.30;-1.03;5.75;1009.13;1012.73;1003.65;7.89;13.77;18.40;;;;7.01;4.52;3.00;9.11
64071;2009-05-11;2.740;3.24;2.31;1.53;6.86;1016.62;1017.91;1013.22;5.58;7.38;9.26;;;;6.16;2.30;1.56;8.23
64071;2009-05-12;3.510;4.02;3.00;1.66;6.92;1020.60;1023.87;1016.84;6.37;7.56;9.73;;;;6.76;2.99;2.08;9.52
64071;2009-05-13;3.040;4.12;1.24;1.94;7.07;1028.42;1031.19;1024.45;7.17;9.14;11.78;;;;6.15;2.63;1.80;9.32
64071;2009-05-14;2.220;3.58;1.04;1.81;7.01;1032.80;1034.12;1031.09;5.80;9.08;11.31;;;;6.41;2.25;1.54;9.71
64071;2009-05-15;3.200;3.68;2.51;2.77;7.49;1032.48;1033.44;1031.00;4.77;5.92;8.20;;;;6.57;2.01;1.35;9.31
64071;2009-05-16;3.010;3.34;1.97;2.62;7.41;1031.63;1032.36;1030.90;5.48;8.09;10.31;;;;5.74;1.89;1.30;6.74
64071;2009-05-17;3.400;4.07;2.90;2.81;7.51;1029.35;1031.48;1027.58;6.65;8.26;10.49;;;;5.03;2.07;1.40;5.97
64071;2009-05-18;3.750;4.07;3.39;2.82;7.52;1026.97;1027.77;1025.92;5.92;7.09;8.79;;;;5.73;2.27;1.49;7.51
64071;2009-05-19;3.480;3.58;3.34;2.46;7.33;1026.00;1027.09;1024.26;5.10;6.86;9.26;;;;5.95;2.47;1.60;7.19
64071;2009-05-20;3.390;3.68;3.15;2.11;7.15;1022.41;1023.97;1018.98;3.15;4.04;5.39;;;;7.27;2.37;1.54;9.24
64071;2009-05-21;3.540;3.78;3.29;2.81;7.51;1018.44;1019.18;1017.23;3.96;5.57;6.74;;;;6.54;1.77;1.18;8.84
64071;2009-05-22;2.530;3.44;0.85;1.42;6.82;1015.96;1019.18;1013.91;2.69;4.04;5.27;;;;5.64;1.06;0.73;7.21
64071;2009-05-23;3.450;4.37;2.85;2.67;7.44;1013.48;1014.88;1011.17;5.81;7.27;8.96;;;;4.13;0.83;0.64;4.84
64071;2009-05-24;4.210;4.56;3.19;3.51;7.89;1004.26;1010.98;997.50;8.12;10.14;17.34;;;;5.00;2.29;1.58;6.00
64071;2009-05-25;3.670;3.93;3.34;2.97;7.59;996.79;998.38;995.55;3.15;4.10;5.62;;;;6.85;3.23;2.15;9.02
64071;2009-05-26;2.680;3.58;0.46;2.06;7.14;1000.57;1001.70;998.48;2.02;3.16;4.80;;;;6.67;2.70;1.87;7.73
64071;2009-05-27;2.660;3.49;2.17;1.74;6.96;1003.55;1007.56;1001.21;2.99;5.92;7.50;;;;6.61;1.94;1.35;8.59
64071;2009-05-28;2.800;4.46;1.14;1.58;6.94;1006.36;1010.68;994.96;6.89;11.31;14.88;;;;5.72;1.82;1.26;9.05
64071;2009-05-29;4.550;4.76;4.22;3.16;7.70;1003.47;1008.63;995.64;7.38;8.85;11.72;;;;6.53;3.43;2.36;8.23
64071;2009-05-30;4.120;4.71;3.63;3.24;7.74;1012.58;1016.15;1009.12;5.96;9.49;12.42;;;;7.30;3.70;2.55;9.23
64071;2009-05-31;3.070;4.27;1.29;1.94;7.08;1022.43;1025.43;1016.25;7.92;10.37;13.42;;;;6.05;2.80;1.91;7.38
64071;2009-06-01;3.030;4.46;0.41;1.48;6.86;1023.59;1025.53;1022.40;9.03;14.77;18.69;;;;6.04;3.49;2.34;7.17
64071;2009-06-02;1.390;2.17;0.26;-0.24;6.03;1027.82;1030.21;1024.26;5.13;7.27;8.91;;;;6.10;2.60;1.77;8.37
64071;2009-06-03;1.880;2.31;1.14;0.05;6.17;1027.39;1029.43;1026.31;4.14;7.21;9.43;;;;6.27;1.96;1.34;8.08
64071;2009-06-04;2.550;2.95;1.78;-1.87;5.36;1028.67;1030.61;1026.41;4.88;6.80;8.38;;;;6.16;1.83;1.27;8.43
64071;2009-06-05;1.120;1.97;0.80;-3.86;4.63;1028.16;1030.31;1025.72;2.39;4.45;6.80;;;;6.55;2.09;1.43;8.10
64071;2009-06-06;0.880;1.34;0.31;-3.40;4.78;1024.44;1025.72;1023.48;4.27;5.16;7.91;;;;5.93;1.84;1.22;7.90
64071;2009-06-07;0.670;1.58;-0.03;-3.44;4.78;1022.60;1023.18;1020.84;3.28;4.98;6.27;;;;5.58;1.30;0.92;7.10
64071;2009-06-08;1.900;2.46;0.80;-0.83;5.79;1019.96;1020.64;1019.28;6.85;8.20;10.25;;;;4.71;1.78;1.21;5.95
64071;2009-06-09;1.790;2.22;1.34;-1.64;5.46;1021.21;1021.91;1020.45;4.82;6.80;8.03;;;;4.79;1.46;0.98;6.31
64071;2009-06-10;1.390;1.63;1.00;-3.00;4.93;1021.49;1021.82;1021.33;2.91;4.39;6.80;;;;4.57;0.84;0.58;5.50
64071;2009-06-11;1.350;2.12;0.36;-1.82;5.39;1022.16;1023.18;1021.43;3.67;5.80;7.56;;;;4.96;0.92;0.63;6.17
64071;2009-06-12;2.090;2.90;0.60;-2.41;5.15;1023.75;1024.26;1023.18;2.48;3.87;5.74;;;;5.10;1.04;0.70;6.38
64071;2009-06-13;3.100;4.41;2.02;-1.55;5.50;1023.57;1023.97;1023.28;2.04;3.63;4.98;;;;5.50;0.89;0.61;6.50
64071;2009-06-14;2.990;3.44;2.56;0.05;6.17;1022.55;1023.48;1021.82;4.22;5.16;6.56;;;;6.48;1.82;1.20;8.32
64071;2009-06-15;2.330;3.15;1.53;-0.84;5.78;1020.28;1021.62;1018.40;4.19;5.57;7.73;;;;7.24;2.32;1.60;9.14
64071;2009-06-16;3.570;5.34;1.09;1.74;7.03;1014.15;1018.20;1008.93;3.26;5.10;7.03;;;;6.17;1.55;1.02;8.05
64071;2009-06-17;5.790;6.27;5.39;5.31;8.95;1002.04;1008.53;995.35;4.78;6.97;8.79;;;;5.38;1.62;1.12;6.71
64071;2009-06-18;6.240;6.56;5.93;5.54;9.10;995.99;997.01;994.86;7.26;8.14;10.55;;;;6.47;3.31;2.22;8.60
64071;2009-06-19;5.780;6.03;5.49;5.37;8.99;1002.68;1009.51;997.30;3.41;6.15;8.20;;;;6.68;3.06;2.02;8.41
64071;2009-06-20;4.710;6.46;3.98;3.69;8.02;1015.58;1018.59;1010.29;3.50;5.04;6.50;;;;6.24;2.29;1.51;7.91
64071;2009-06-21;5.420;5.93;4.71;4.65;8.55;1014.95;1018.59;1010.29;5.79;9.08;11.54;;;;5.78;1.77;1.24;7.77
64071;2009-06-22;4.650;5.88;3.49;4.16;8.27;1011.84;1016.54;1008.73;5.08;6.91;8.96;;;;5.58;1.95;1.35;7.19
64071;2009-06-23;5.740;6.12;5.39;4.94;8.72;1017.91;1018.40;1016.74;3.97;5.39;7.21;;;;5.65;1.53;1.04;8.02
64071;2009-06-24;5.460;6.17;4.41;4.88;8.69;1016.54;1019.28;1015.08;4.04;8.96;11.95;;;;5.32;1.50;1.02;6.47
64071;2009-06-25;4.960;5.88;4.66;2.64;7.43;1026.21;1029.04;1019.86;4.17;9.38;12.25;;;;5.61;2.10;1.42;7.06
64071;2009-06-26;5.810;6.03;5.39;5.11;8.83;1026.15;1028.36;1024.94;5.02;7.68;9.84;;;;4.44;1.15;0.77;5.13
64071;2009-06-27;6.060;6.46;5.78;5.73;9.22;1024.67;1025.33;1024.36;2.34;4.39;5.27;;;;5.03;0.78;0.54;5.51
64071;2009-06-28;6.270;6.61;5.73;5.83;9.28;1024.34;1025.04;1022.79;3.45;4.69;6.04;;;;4.56;0.76;0.51;5.28
64071;2009-06-29;7.330;8.37;6.22;6.59;9.78;1020.03;1022.60;1019.08;5.05;6.68;8.03;;;;3.87;0.91;0.67;4.27
64071;2009-06-30;5.490;6.90;4.12;4.48;8.46;1020.41;1021.43;1018.40;5.05;5.92;7.73;;;;4.65;1.04;0.74;8.27
64071;2009-07-01;6.980;7.59;6.03;6.59;9.78;1016.18;1017.72;1015.47;3.51;5.57;9.32;;;;5.92;1.15;0.80;10.60
64071;2009-07-02;7.810;8.17;7.39;7.51;10.41;1016.98;1019.08;1015.08;2.58;4.69;11.54;;;;5.62;0.96;0.66;8.85
64071;2009-07-03;7.750;8.12;7.00;7.50;10.40;1018.94;1019.38;1018.59;3.13;5.51;15.88;;;;5.65;1.15;0.81;9.46
64071;2009-07-04;8.470;8.81;7.83;8.18;10.90;1020.62;1022.70;1019.28;4.57;5.86;6.91;;;;4.59;0.93;0.65;6.86
64071;2009-07-05;8.040;8.66;7.64;6.78;9.92;1024.27;1025.23;1022.70;5.96;8.14;10.49;;;;4.78;1.53;1.10;6.57
64071;2009-07-06;6.900;7.69;6.22;4.56;8.50;1023.03;1024.55;1021.91;5.60;7.44;9.67;;;;5.62;2.13;1.45;7.17
64071;2009-07-07;6.170;6.71;5.59;3.87;8.10;1022.28;1022.79;1021.82;2.30;3.93;5.74;;;;6.34;1.71;1.14;7.65
64071;2009-07-08;5.690;6.66;4.95;4.09;8.22;1018.87;1021.72;1016.74;5.52;6.97;9.96;;;;5.76;1.63;1.12;7.94
64071;2009-07-09;7.050;7.39;6.51;6.27;9.57;1016.26;1016.54;1015.96;7.93;9.20;12.19;;;;5.25;2.45;1.70;6.59
64071;2009-07-10;5.450;7.39;4.32;4.94;8.75;1016.03;1016.64;1015.47;6.58;8.91;11.78;;;;4.82;1.83;1.25;5.87
64071;2009-07-11;4.970;6.22;4.07;3.81;8.06;1016.94;1017.72;1015.96;6.82;8.20;10.72;;;;4.54;1.63;1.15;5.36
64071;2009-07-12;5.820;6.51;4.90;4.36;8.38;1017.09;1017.72;1016.15;7.24;8.26;11.31;;;;4.94;2.10;1.41;6.12
64071;2009-07-13;5.460;6.37;4.22;4.27;8.33;1012.03;1015.66;1009.71;5.69;8.20;10.14;;;;5.50;2.46;1.58;6.83
64071;2009-07-14;7.180;7.78;6.32;6.34;9.62;1014.92;1017.62;1011.37;5.73;7.85;10.61;;;;5.75;1.99;1.39;8.15
64071;2009-07-15;6.910;7.78;5.78;6.30;9.59;1019.24;1020.16;1017.91;6.64;7.44;9.90;;;;5.29;2.23;1.51;7.04
64071;2009-07-16;5.500;6.07;4.76;4.46;8.44;1022.35;1024.65;1020.16;5.98;6.97;9.14;;;;4.65;1.47;1.05;6.26
64071;2009-07-17;6.350;7.54;4.56;4.71;8.60;1023.86;1024.75;1022.99;5.29;6.74;8.32;;;;4.89;1.45;0.97;6.40
64071;2009-07-18;7.900;8.27;7.59;6.09;9.44;1023.29;1023.67;1022.40;4.64;6.68;8.26;;;;5.90;1.74;1.18;7.84
64071;2009-07-19;7.560;7.98;6.22;5.49;9.07;1020.28;1023.28;1018.50;3.82;6.86;9.32;;;;5.93;1.05;0.73;7.72
64071;2009-07-20;7.450;8.17;6.32;5.94;9.35;1019.27;1020.06;1018.50;6.84;7.85;10.90;;;;4.92;1.97;1.31;5.97
64071;2009-07-21;6.960;7.93;5.49;4.91;8.73;1015.92;1019.38;1012.54;6.93;8.55;11.02;;;;5.71;2.31;1.62;7.75
64071;2009-07-22;5.110;7.25;3.63;2.17;7.19;1006.09;1011.95;999.75;6.90;10.02;13.36;;;;6.70;3.61;2.43;8.75
64071;2009-07-23;6.540;8.17;4.61;3.70;8.02;1000.88;1003.07;998.77;5.34;7.32;9.32;;;;6.34;2.42;1.59;8.34
64071;2009-07-24;7.550;8.08;7.05;5.92;9.34;1005.21;1007.66;1003.46;4.67;6.86;8.67;;;;5.98;2.37;1.60;7.84
64071;2009-07-25;8.120;9.10;6.95;4.74;8.62;1012.37;1017.42;1007.66;2.01;4.10;6.09;;;;6.52;2.00;1.32;8.17
64071;2009-07-26;9.100;9.64;8.42;7.69;10.54;1020.29;1021.62;1018.01;3.64;6.86;8.73;;;;6.25;1.67;1.12;8.04
64071;2009-07-27;7.170;8.22;6.86;5.74;9.22;1010.57;1019.67;1002.19;10.03;11.60;16.00;;;;6.08;3.70;2.57;7.69
64071;2009-07-28;7.640;8.32;6.66;7.04;10.09;997.86;1001.80;996.23;4.77;8.26;10.72;;;;6.53;2.79;1.92;7.87
64071;2009-07-29;8.460;9.39;7.73;8.03;10.79;1003.31;1006.09;999.16;3.87;5.98;7.62;;;;6.54;2.15;1.46;8.66
64071;2009-07-30;9.030;9.35;8.56;8.62;11.23;1006.83;1011.66;1003.55;4.61;6.97;9.32;;;;6.34;2.39;1.64;8.26
64071;2009-07-31;8.920;9.15;8.81;8.49;11.13;1010.91;1012.83;1006.19;5.07;7.50;9.61;;;;6.16;2.31;1.53;8.23
64071;2009-08-01;8.900;9.44;7.69;8.31;11.00;1007.71;1013.91;1004.04;5.12;7.50;9.49;;;;5.91;2.33;1.62;7.67
64071;2009-08-02;9.420;9.79;8.91;8.79;11.36;1015.33;1016.35;1014.20;5.98;7.32;10.08;;;;6.20;2.15;1.44;8.85
64071;2009-08-03;9.580;10.03;9.15;9.02;11.54;1012.61;1015.08;1010.98;6.86;9.14;12.25;;;;6.29;3.19;2.20;8.28
64071;2009-08-04;8.770;9.69;7.49;8.38;11.05;1018.57;1021.33;1014.69;2.50;4.16;11.37;;;;5.85;1.96;1.29;6.62
64071;2009-08-05;9.620;9.93;9.10;8.87;11.42;1017.63;1020.94;1012.73;6.91;8.79;11.13;;;;5.46;2.13;1.43;6.91
64071;2009-08-06;9.640;9.98;8.96;9.33;11.78;1013.80;1016.05;1011.76;5.72;7.56;9.84;;;;6.68;2.85;1.96;9.25
64071;2009-08-07;9.600;9.74;9.30;9.36;11.80;1016.66;1016.93;1016.25;5.37;7.44;24.84;;;;7.11;2.97;2.02;10.33
64071;2009-08-08;8.880;9.69;8.03;8.66;11.27;1015.45;1016.35;1014.49;5.85;6.80;10.49;;;;5.83;2.14;1.47;7.84
64071;2009-08-09;9.310;9.44;8.86;9.10;11.59;1013.58;1014.39;1013.32;3.00;5.27;25.61;;;;5.51;1.40;0.96;7.35
64071;2009-08-10;8.700;9.35;8.22;8.11;10.85;1012.07;1013.42;1010.00;4.57;6.45;8.61;;;;5.13;1.30;0.89;6.01
64071;2009-08-11;8.020;8.42;7.39;7.21;10.20;1008.86;1009.71;1008.44;6.45;7.32;9.26;;;;4.70;1.65;1.14;5.73
64071;2009-08-12;7.500;7.83;6.90;6.41;9.66;1009.45;1010.39;1008.93;9.23;10.72;14.36;;;;5.32;2.65;1.85;7.03
64071;2009-08-13;7.330;7.93;6.71;5.80;9.28;1011.89;1012.93;1010.59;7.01;9.43;12.13;;;;5.36;2.33;1.60;6.87
64071;2009-08-14;7.380;8.37;6.17;5.44;9.04;1013.12;1013.61;1012.64;5.42;6.80;8.38;;;;6.67;2.58;1.71;9.02
64071;2009-08-15;8.500;8.81;7.93;6.25;9.56;1012.39;1013.03;1012.05;4.98;6.68;8.38;;;;7.40;2.39;1.64;10.08
64071;2009-08-16;7.840;9.20;6.71;3.85;8.09;1012.85;1014.00;1011.95;2.65;5.86;7.27;;;;6.63;1.70;1.15;9.41
64071;2009-08-17;7.350;7.78;6.32;3.47;7.88;1014.60;1015.37;1013.81;3.70;5.39;6.74;;;;6.60;1.51;1.05;9.11
64071;2009-08-18;7.580;8.96;6.22;4.60;8.55;1014.50;1015.27;1013.52;4.05;7.50;9.49;;;;6.02;1.47;0.99;7.89
64071;2009-08-19;9.280;9.74;8.76;7.37;10.32;1003.94;1013.42;985.10;9.47;14.06;21.50;;;;6.05;3.45;2.34;8.74
64071;2009-08-20;9.170;9.54;8.52;8.47;11.11;987.95;991.84;982.75;6.20;8.85;12.48;;;;8.45;6.58;4.24;10.81
64071;2009-08-21;8.150;8.86;6.12;7.19;10.21;985.88;995.16;977.97;8.59;12.71;17.17;;;;6.96;4.39;2.90;9.44
