OBJECTID,name,nr,Shape_Leng,Shape_Area,year
890,Pasterze,4027,43978.94483526960,15798148.75017540000,2015
720,Gepatsch Ferner,7022,42297.89076487850,15765880.20995710000,2015
226,Schlatenkees,6077,28680.04556780310,7640148.16098785000,2015
653,Gurgker Ferner,2074,28110.06681731700,7636657.97785186000,2015
727,Mittelberg Ferner,14008,25506.86244126310,6864513.30184173000,2015
682,Hintereis Ferner ohne Toteis,2125000,30320.71393929200,6123022.42744064000,2015
666,Schalf Ferner,2107,23459.53155747120,5938056.87112426000,2015
692,Vernagt Ferner,2133,28269.16251558240,5722808.58937072000,2015
730,Taschach Ferner E,14014,20150.61443133250,5248306.79254150000,2015
265,Umbal Kees,6040,19537.53102947910,4017824.13168334000,2015
670,Marzell Ferner,2110,21749.90525225190,3910806.11190414000,2015
275,Sulzenau Ferner,3032,17086.00396655380,3778135.08026123000,2015
218,Obersulzbach Kees,5129,16065.67020792330,3734931.22293090000,2015
677,Hochjoch Ferner,2121,20501.46451213390,3731018.52552795000,2015
188,Krimmler Kees,5141,20519.53905464290,3727293.08099365000,2015
686,Kesselwand Ferner,2129,10721.28214502100,3425915.89641952000,2015
67,Floiten Kees,9064,23691.26703853180,3313730.86769104000,2015
122,Gefrorene Wand Kees,9110,19373.59509604520,3238542.73731994000,2015
156,Schwarzenstein Kees,9073,17188.11981337450,3125214.12635040000,2015
308,Sulztal Ferner,2022,12431.76218639070,3106054.70547485000,2015
262,Rainer Kees,6053,12398.77158272500,3092001.81379699000,2015
1143,Untersulzbach Kees,5123,14330.81399204190,3014733.30811309000,2015
263,Mullwitz Kees (Zettalunitz Kees),6066,11356.73752411930,2850315.66730499000,2015
850,Karlinger Kees,5073,13492.32982963460,2825541.03985595000,2015
844,Bockkar Kees,4029,13166.16045772470,2823411.60374450000,2015
283,Lisenser Ferner,3060,11288.44000521880,2820339.31865692000,2015
920,Hallst├ñtter Gletscher,11002,10895.75198827110,2789652.60995483000,2015
507,Jamtal Ferner,13019,21464.35215907510,2744079.57636642000,2015
1050,Waxegg Kees,9076,12549.25162307330,2632475.75134277000,2015
418,Alpeiner Ferner,3055,12684.97019766660,2621365.97242736000,2015
784,Schlegeis Kees,9087,13629.75299030180,2480294.62467193000,2015
215,Obersulzbach Kees,5129,9350.15396742353,2444913.41550445000,2015
898,Teischnitz Kees,6108,11077.80070701710,2423506.54473876000,2015
944,Kleinelend Kees,21022,14354.61212696890,2267525.10487365000,2015
942,Hochalm Kees,21011,10715.70498738160,2266657.84751892000,2015
652,Langtaler Ferner,2027,9976.74049635700,2158800.48809814000,2015
180,Ochsentaler Gletscher,12008,13026.84469358880,2099548.73011779000,2015
921,Horn Kees,9075,9063.58567375205,2084641.49432373000,2015
722,Gepatsch Ferner,7023,14592.23666581300,2074116.19584274000,2015
223,Frosnitz Kees,6054,8972.25329314369,2042883.12798309000,2015
658,NN,2100,13880.46033761330,2023527.44837951000,2015
163,Habach Kees,5117,14252.85785122860,1932600.00649261000,2015
801,B├ñrenkopf Kees,5071,10515.10284502140,1918477.62330627000,2015
216,Obersulzbach Kees,5129,9906.48567803259,1903920.16726684000,2015
732,Sexegerten Ferner,14016,13376.54379980080,1665132.72579193000,2015
691,Vernagt Ferner,2133,10451.22690558840,1624533.56324386000,2015
896,Teischnitz Kees,6110,7424.07058416610,1590548.36739349000,2015
234,Viltragen Kees,6078,10158.95536995270,1582625.37070465000,2015
726,Mittelberg Ferner,14008,8929.05118972679,1581295.38134765000,2015
899,Laperwitz Kees,6107,7371.52748966601,1579849.92863464000,2015
295,Bachfallen Ferner,2012,7614.57995473593,1574567.05901336000,2015
879,Wasserfallwinkel,4028,6499.94814140449,1501785.10832214000,2015
590,Wildgerlos Kees M,9003,8225.98376616104,1481884.44046020000,2015
959,Grosselend Kees,21014,9947.07864661491,1477899.62406921000,2015
259,Dorfer Kees,6052,9107.18102367673,1454678.46411132000,2015
0,Oedenwinklkess,5094,9430.25453620905,1420135.54099273000,2016
714,Rettenbach Ferner,2150,7385.38495101075,1400064.96883392000,2015
799,Hochgruber Kees,5053,13243.93938773170,1395296.50746917000,2015
388,Gr├╝nau Ferner,3030,12479.33797426110,1365892.64041900000,2015
253,Simony Kees,6045,8119.49358073651,1332132.97393798000,2015
392,Fernau Ferner,3034,7491.68175045877,1317569.73740386000,2015
672,Niederjoch Ferner,2111,9716.81199641438,1269241.03625869000,2015
268,Maurer Kees W,6046,6149.79491146016,1254828.57420349000,2015
331,Triebenkarlas Ferner,2041,9739.44586259286,1253655.22534942000,2015
301,Schwarzenberg Ferner,2017,6566.72024716012,1241141.81066894000,2015
642,Rotmoos Ferner,2063,5197.05498903623,1225453.94143676000,2015
1128,Stampfl Kees,9091,5542.54051249708,1179988.78192138000,2015
729,Brunnenkogel Ferner,14010,8698.24288594900,1161917.42148590000,2015
690,Guslar Ferner gr.,2132,8048.84621878062,1141311.17580413000,2015
895,K├Âdnitz Kees,6112,5612.25022363070,1095551.96409606000,2015
393,Daunkogel Ferner,3036,5919.39143328744,1090256.81010437000,2015
261,Dorfer Kees,6052,7612.06124437897,1042245.87989044000,2015
174,K├ñferfeld Kees,5125,12356.03698870230,1038590.39513397000,2015
1108,Maurer Kees M,6048,9235.58607206162,1033038.56499481000,2015
478,Fleischbach Kees N,6010,4977.88876535812,1028805.99980926000,2015
678,Hochjoch Ferner,2121,6131.34399526433,1006007.91659545000,2015
596,Seekarles Ferner,14033,4981.34262978601,991378.31735229400,2015
725,Karles Ferner,14007,6516.78468532954,987916.51562500000,2015
1144,Schaufel Ferner,3035,8848.81555138430,980709.98529815600,2015
1145,Taschach Ferner W,14015,9558.91983763652,978524.12721252400,2015
919,Grosser Gosau Gletscher,11004,5402.14592327123,972345.85813903800,2015
697,Rofenkar Ferner,2136,8493.65912053582,964523.41589355400,2015
213,├Âstliches Sonntags Kees,5130,6871.64153897645,962376.37967681800,2015
502,Latsch Ferner,2096,6857.06659141964,956608.51204681300,2015
755,Sonnblick Kees,5097,8037.58397838818,923730.77226257300,2015
641,Rotmoos Ferner,2063,10782.48136813150,909607.58676147400,2015
322,W├╝tenkar Ferner,2034,5522.17081369866,890358.42315673800,2015
878,Hoffmanns Kees,4026,8368.71098235731,850427.57318878100,2015
777,Schlegeis Kees,9087,6423.39844359543,835722.06394195500,2015
639,Gaissberg Ferner,2060,7083.36296834908,829890.84599304100,2015
402,Hochmoos Ferner,3043,6662.92828952155,828559.60286712600,2015
708,Tiefenbach Ferner,2143,7578.41391786352,828096.01058959900,2015
214,├Âstliches Sonntags Kees,5130,5736.92138189635,826606.37136840800,2015
834,Schmiedinger Kees,5081,6653.73392513111,800164.65003967200,2015
1141,Eis Ferner,2116,7220.24876561590,773576.84020996000,2015
552,Malham Kees S,6043,5217.61232462214,764702.45040893500,2015
88,Vermunt Gletscher,12007,7084.13218831692,763802.92335891700,2015
1072,Kleiner Fleiss Kees,4036,4812.25240975191,756585.12911987300,2015
269,Welitz Kees S,6033,5687.90879584857,725307.81770324700,2015
496,Spiegel Ferner,2097,5511.91215358244,699307.27359008700,2015
815,Furtschagl Kees,9086,6735.89775818051,698216.16336822500,2015
914,Schladminger Gletscher,11001,4209.82451060343,693238.02606201100,2015
422,Berglas Ferner,3058,5415.90153215854,684899.65516662500,2015
586,├ñusserer Pirchelkar Ferner S,14002,6066.17428821843,669680.42885589600,2015
805,Walcher Kees,5058,6206.76874744243,637958.67345428400,2015
330,Pfaffen Ferner,2040,5753.71950694871,636679.20753479000,2015
808,Wielinger Kees,5066,6343.36992516943,625917.49208831700,2015
420,Verborgen Berg Ferner,3056,4394.51663528398,618670.13894653300,2015
182,Grosser Jaidbach Kees,5131,5080.16997662185,608347.31119537300,2015
51,Kuchelmoos Kees,9016,5737.01980428109,601408.68775177000,2015
1065,Vogelmaier Ochsenkarkees un.,5030,4265.34692405580,594440.25940704300,2015
41,L├Âffler Kees,9059,5154.93726882654,579194.42755126900,2015
819,Fuscherkar Kees,5050,7771.79085966502,574967.05891418400,2015
598,Planggeross Ferner S1,14034,5432.50926486369,559553.86087036100,2015
415,Sommerwand Ferner,3052,4895.57309248050,548335.37094879100,2015
175,K├ñferfeld Kees,5125,4099.92616548522,518895.29970550500,2015
68,Grosser Riepen Kees,9097,6182.50519327333,518681.22518157900,2015
302,Bockkogel Ferner E,2018,3724.41655849750,518419.08040618800,2015
487,Brandner Gletscher,12029,4502.06786176052,515755.71664428700,2015
192,Westliches Jaidbach Kees,5136,3999.49058616200,511554.10131835900,2015
858,Teufelsm├╝hl Kees,5054,5048.35694854959,504026.96852111800,2015
348,Grastal Ferner,2008,4207.09221490437,503684.74678802400,2015
1135,Kreuz Ferner S,2120,5250.26898247663,495885.83508300700,2015
183,Kleiner Jaidbach Kees,5132,3373.85933520110,490096.48781585600,2015
258,Maurer Kees E,6049,6597.12144081325,487621.55994415200,2015
50,Ziller Kees,9015,5997.69420638404,485199.45152282700,2015
509,Manigenbach Ferner,2082,5194.30940413399,484108.06838226300,2015
1116,Schneeglocken Gletscher,12009,3787.34094274751,481673.74784851000,2015
668,Mutmal Ferner,2108,5273.26411210345,473011.04779815600,2015
647,Seelen Ferner 1,2067,3629.63335247700,469797.96973419100,2015
649,Seelen Ferner 3,2069,3173.51441210689,468263.07080841000,2015
277,Gleirsch Ferner,1010,3635.62500671302,465684.55425262400,2015
683,Vernaglwand Ferner S,2126,5139.99417269811,464647.09522247300,2015
1071,Hocharn Kees N,5036,6327.34075018942,463263.13107299800,2015
719,├Âstlicher Wannet Ferner,7020,3161.65887847750,457176.16737747100,2015
847,Horn Kees E,9074,3790.30412775186,453758.05503082200,2015
607,Innerer Pirchelkar Ferner,2163,3889.23475066332,452977.00720214800,2015
804,Sandboden Kees,5056,3975.31645857073,452061.93016052200,2015
76,Olperer Ferner,3003,5769.09462083840,449854.64655303900,2015
1086,Schlappereben Kees,5021,4779.52204887718,449293.49983215300,2015
445,Totenfeld,13021,4876.55801438270,449073.34544372500,2015
217,Obersulzbach Kees,5129,6170.89593000626,443502.72394561700,2015
694,Mitterkar Ferner,2135,6152.25985608331,438103.61088562000,2015
57,Grasleiten Kees S,9040,4609.28629733643,435997.35114288300,2015
655,NN,2076,3239.96304422438,434684.85167694000,2015
783,Grad├Âtz Kees,6098,3529.76404674585,428602.96123504600,2015
1093,Wurtenkees + Toteis,4038,6155.64512132142,427802.68118286100,2015
407,Larain Ferner,13007,5840.97444768990,412566.47235488800,2015
853,Unterer Riffl Kees,5091,5054.56289870665,412496.08376312200,2015
372,├Âstlicher Gr├╝bl Ferner,3023,5831.60774380847,412215.86533355700,2015
382,Westlicher Gr├╝bl Ferner W,3027,3371.09534744910,403886.14177703800,2015
303,Bockkogel Ferner W,2019,3225.09166966283,402493.96074676500,2015
631,Schweikert Ferner,7005,3948.97948565098,401140.29244995100,2015
252,Althaus Kees,6039,4680.61410263974,398937.89428710900,2015
490,Firmisan Ferner,2099,3480.10282658363,390388.40223693800,2015
521,Steiniglehn Ferner W,2090,4608.49635548305,388061.25435638400,2015
540,Mittlerer Eiskasten Ferner W,14021,3651.76244982303,385210.22501373200,2015
956,Winkl Kees,4043,3763.94001683437,381105.66108703600,2015
654,Kleinleiten Ferner,2075,2945.38304228577,378105.11766052200,2015
837,Oberer Riffl Kees,5090,4005.18767391455,376704.64025115900,2015
91,Vermunt Gletscher,21007,4840.93619709528,374221.32299804600,2015
685,Hintereisw├ñnde,2128,5924.40576670592,367072.70240402200,2015
227,N├Ârdlicher Viltragen Kees,6081,4323.67956095996,364544.97078704800,2015
181,Schattenspitz Gletscher,12011,2806.31160265819,359139.90048217700,2015
292,Klostertaler Gletscher N,12013,3851.83647751841,354036.06698989800,2015
329,Gaisskar Ferner,2039,3149.03420321368,353201.43887329100,2015
1103,Krummlkees,5038,3952.60128953611,348334.72157287500,2015
1107,Wildlahner Ferner,3002,3882.28695401272,346382.90432739200,2015
287,L├ñngentaler Ferner,1004,4404.15460766650,337577.21800994800,2015
1085,Sch├Ânach Kees M,9008,3118.71269444991,335914.53819274900,2015
414,Chalaus Ferner,13017,3566.54104092692,334770.43275451600,2015
982,Tischlerkar Kees M2,5008,3137.26860842185,331482.18368530200,2015
360,Simming Ferner W,3014,6272.29589301679,327497.94077301000,2015
416,Alpeiner Kr├ñul Ferner,3053,3666.44115067290,325974.89068603500,2015
60,Grasleiten Kees N,9041,6469.85098949148,324028.02367401100,2015
862,Klockerin Kees,5070,6049.40606122162,323488.86347198400,2015
255,Simony Kees,6045,3660.35336993322,323153.72160339300,2015
860,Kaindl Kees,5068,3293.08400990218,321026.91781616200,2015
426,Klostertaler Gletscher M,12014,3470.20975137619,320331.27853393500,2015
832,Hochweissenfeld Kees,5077,2526.12436102619,318049.39118957500,2015
240,Welitz Kees M,6034,4295.76452720322,310666.56660461400,2015
665,N├Ârdlicher Schalf Ferner,2106,3093.89573575383,308494.64245605400,2015
228,N├Ârdlicher Viltragen Kees,6081,3443.15465798444,307229.65544891300,2015
494,Glaseir Ferner,2091,2955.09935834975,306315.06037902800,2015
680,Rofenberg W,2124,2506.65464073207,305263.89021682700,2015
644,Hangerer Ferner E,2064,3139.48128569407,298014.52892303400,2015
836,Maurer Kees,5083,2942.50476466146,296023.42285919100,2015
543,Keeskar Kees,5152,3454.68222402127,294117.31474304100,2015
221,Mailfrosnitz Kees,6063,3137.05191548399,291994.99948883000,2015
1010,Grubenkar Kees,5013,3901.50739164018,287393.53288269000,2015
900,Vorderer Kasten Kees,6106,2769.24872993590,285299.35242462100,2015
537,Vorderer ├ûlgruben Ferner,14018,4230.24387383694,283651.17173767000,2015
1047,Fasul Ferner M,13056,3639.57371733221,283362.66259002600,2015
572,Madatsch Ferner E,7009,3060.98943461988,280544.88214111300,2015
115,Gefrorene Wand Kees E,9109,3010.18181512111,277886.99938201900,2015
795,R├Ât Kees,9088,2428.84323383405,275974.85801696700,2015
863,Schwarzkarl Kees,5088,3038.22911432721,274964.67742919900,2015
501,Ramol Ferner,2079,3357.88646562335,274159.64914703300,2015
1030,Flirscher Ferner,13033,3111.35325876523,269156.99316024700,2015
718,Rainbach Kees,5154,2476.95626687014,269074.95389556800,2015
594,Wazebach Ferner,7012,3970.68498599184,267236.41426849300,2015
1063,Vogelmaier Ochsenkarkees ob.,5031,3566.70347752130,266489.48727416900,2015
243,Malham Kees N,6044,3331.26677247720,265901.92659759500,2015
945,K├ñlberspitz Kees,21015,2589.92373714223,265677.93139648400,2015
627,Bligg Ferner S,7015,4634.74254060719,265076.48991394000,2015
968,Westlicher Tripp Kees,21007,2538.22648245640,264877.02256774900,2015
346,Larstig Ferner,2007,3256.97639342492,264015.56017303400,2015
592,N├Ârdlicher L├Âcher Ferner,14032,2615.39467328631,262556.09735870300,2015
470,├£bergossene Alm W,5161,3449.47045379836,260611.68563842700,2015
66,Rauhkopf Gletscher,12005,3410.29523706460,259498.70318222000,2015
103,Federbett Kees,9106,3703.10542054769,257328.98725128100,2015
1082,Sch├Ânach Kees M,9008,3273.26228193824,256808.06523132300,2015
560,Riffel Ferner N,14027,3007.17662854058,256730.78388977000,2015
349,Griesskogel Ferner,2009,3073.75048778047,255964.94641876200,2015
676,Say Ferner,2113,2299.50232804800,255443.18886184600,2015
1094,Wurtenkees + Toteis,4038,2888.90788190415,254259.12537384000,2015
22,Garaneber Kees N,6055,2580.94857166295,253680.83205413800,2015
818,Griesskogel Kees,5075,2881.04345430772,253396.57929229700,2015
589,Roetkarl Ferner,14003,4540.71331340557,253373.63770294100,2015
106,Hasenkar Kees,9044,2255.08178752056,252432.89485168400,2015
689,Guslar Ferner mi.,2131,4370.25434382507,251794.80290985100,2015
193,K├ñferfeld Kees,5125,2370.86247616129,250679.35159301700,2015
371,├Âstlicher Gr├╝bl Ferner,3023,2790.52503767147,249380.26101684500,2015
419,Alpeiner Ferner,3055,2717.38524467322,247782.79091644200,2015
89,Griesbachjoch Kees M,9031,4339.10973805244,245820.62006378100,2015
656,NN,2077,3645.24102248490,241196.07201385500,2015
310,Kuhscheiben Ferner,2024,2104.49881689034,240689.10826873700,2015
1112,Maurer Kees M,6048,3899.86332890160,240462.41532135000,2015
237,Futsch├Âl Ferner,13014,4387.74921120313,239198.76907730100,2015
609,Polltal Ferner,2166,3783.79886401718,238800.21594238200,2015
886,Schwerteck Kees M,4023,3513.05327428852,238044.54263305600,2015
1018,Fasul Ferner S,13055,2380.52946528835,236702.00707244800,2015
400,Larain Ferner,13007,3779.55885558204,234069.64715957600,2015
1138,Kreuz Ferner N1,2117,2763.54561578513,233268.03083038300,2015
142,Kainzerkar Kees,9046,3420.70097008623,231205.94244384700,2015
1073,Wei├ƒenbachkees,5040,4125.20317822010,229860.56086730900,2015
321,Atterkar Ferner,2033,2437.53235320874,228629.28617095900,2015
225,Karles Kees,6075,2271.06333279509,225683.03803253100,2015
161,Schwarzach Kees,6019,3646.57067002063,222043.38600158600,2015
339,Kitzkamp Ferner E,2047,3292.12592977047,221699.85971832200,2015
636,Hochfirst Ferner,2058,2461.29769346315,217517.56155395500,2015
813,Schwarzk├Âpfl Kees,5072,2886.69738442545,216907.87661743100,2015
648,Seelen Ferner 2,2068,2698.36211316556,215518.42086791900,2015
557,Riffel Ferner S,14026,3901.84753496263,211388.75173950100,2015
1109,Maurer Kees M,6048,2540.60660555636,208316.44549560500,2015
431,Horn Kees,4010,2105.18280491739,206341.15613555900,2015
233,Kristallwand Kees,6067,2503.61168835291,205588.54714965800,2015
271,Mittlere Schnapfenkuchl,13009,2776.48627215330,204032.59779357900,2015
1044,Fasul Ferner N,13057,2193.85004784645,199713.83808898900,2015
650,Seelen Ferner 4,2070,2636.79745881401,198867.31768798800,2015
95,├ûstliches Stillup Kees,9055,2971.14454994874,198682.81330108600,2015
775,Landeck Kees M,5105,2765.05783881782,196553.91163635200,2015
684,Vernaglwand Ferner N,2127,2413.93772798667,194469.16999816800,2015
1059,Schareckkees E,5025,3488.40984018678,194225.61997985800,2015
838,Riffl Kees N,5092,3831.72922142688,194206.84677124000,2015
816,Eiser Kees,5074,3991.40761237142,191724.92814636200,2015
401,Grabawand Ferner,3042,2568.51888462147,189902.62841796800,2015
887,Freiwand (Magnes) Kees,4030,2512.30931200689,188154.63790893500,2015
591,Neururer Ferner S,14038,2158.27325372917,187466.51067352200,2015
298,S├ñuischbach Ferner,2014,2199.78028688869,187247.29553985500,2015
485,Fleischbach Kees S,6007,2008.25519601944,185972.47807312000,2015
299,S├╝dlicher Schrankar Ferner,2015,2454.05969560701,183862.85499572700,2015
459,Fluchthorn Ferner,13011,4444.22238782837,183763.47282791100,2015
326,Windacher Ferner,2037,2543.55183221528,183592.12718963600,2015
579,Wildgerlos Kees E,9002,2821.66946722643,182989.96340942300,2015
739,Weisskar Kees S,5156,2338.68994917858,181607.10453033400,2015
779,Daber Kees N,6088,2557.48386894619,181181.90484619100,2015
851,Karlinger Kees,5073,3100.25282119247,179642.13648986800,2015
75,├ûstliches Stillup Kees,9055,2293.53009615813,179327.32263183500,2015
435,G├Âssnitz Kees,4011,2528.13024022280,177739.21104431100,2015
628,Planggeross Ferner S2,14035,2476.98258839684,176436.76901245100,2015
621,Hauer Ferner,2167,1893.04508295887,171802.22994995100,2015
9,Watzfeld Kees N,5116,2159.17288049113,169636.78838348300,2015
124,Rauchkofel Kees M,9024,2774.08741503635,169049.97003936700,2015
324,Warenkar Ferner,2036,2442.11284725837,169023.68574523900,2015
789,Brennkogel Kees,5043,2466.34158714405,168847.16028594900,2015
582,Toten Ferner,14042,2339.17313370277,168634.72241210900,2015
1037,Kartell Ferner,13040,2744.93145398688,168368.03076171800,2015
65,Lapen Kees,9061,2053.66285314746,168210.67778778000,2015
1137,Kreuz Ferner M,2119,2238.70043329857,167140.35180664000,2015
538,Hinterer Eiskasten Ferner,14019,2870.25710905308,164517.14929199200,2015
1036,Pettneuer Ferner,13036,1946.61110767899,163332.77346038800,2015
1120,Unterschrammach Kees,9095,2642.46965233007,163082.26516723600,2015
195,Untersulzbach Kees W,5124,1792.31697593733,162324.42684173500,2015
1130,M├Ârchner Kees,9072,2465.67072252788,162269.91047668400,2015
825,Spielmann Kees E,5045,2458.51980713632,160897.53573608300,2015
291,Zischgeles Ferner,1009,2039.63210467615,158134.66008758500,2015
282,Jamtal Ferner W,13020,2703.17836007189,158065.85113525300,2015
709,Seiter Ferner,2144,1805.48145883783,151503.04717254600,2015
859,Oberer Klockerin Kees,5069,3296.79300422224,150411.81352996800,2015
1078,Gro├ƒes Flei├ƒkees,4034,2010.17461576243,149700.66962432800,2015
437,G├Âssnitz Kees,4011,2662.05998899286,149117.28151702800,2015
337,Westlicher Scheiblehn Ferner,2045,2787.48685845843,145444.84400939900,2015
1019,Grosser K├╝chl Ferner W,13044,1899.87540281741,144063.63117599400,2015
671,Marzell Ferner,2110,2445.14217981184,143485.41259002600,2015
786,Muntanitz Kees,6095,1855.70318522533,142863.64861297600,2015
398,H├Âlltal Ferner,3039,1538.76071054931,141998.05831909100,2015
404,Falbesoner Kr├ñul Ferner,3044,1828.79479023079,141352.99790954500,2015
367,├ñusserer Mischbach Ferner,3019,3443.27360035049,140785.14083099300,2015
460,Schober Kees W,6121,2058.57976232208,139405.22225952100,2015
924,Tischlerspitz Kees,21023,3704.41924142089,138924.98046875000,2015
328,Getschner Ferner,13023,1818.01995155716,135892.69535064600,2015
185,Westliches Sonntags Kees,5140,2344.67700684595,135475.26374816800,2015
608,Gschwandt Ferner,14045,3673.54492262362,134464.11135864200,2015
912,Sch├Ânbichler Kees,9078,2214.11381774801,134406.20434570300,2015
335,├Âstlicher Scheiblehn Ferner E,2043,3077.89177176196,134046.10459899900,2015
753,Kalser Tauern Kees N,6103,2290.59530498012,132988.61144256500,2015
442,Graden Kees M,4004,1970.79546880763,131161.62261962800,2015
55,Hohenau Kees,9020,2219.72969201206,129098.85890960600,2015
61,Grasleiten Kees N,9041,2335.38846668674,129028.63275909400,2015
602,Waze Ferner,7011,2085.08794695710,128346.03852081200,2015
517,Lehner Ferner,2084,1668.70381708163,127746.28640747000,2015
1131,Alpeiner Ferner,3004,2685.67603682682,127621.95355987500,2015
619,Gallrutt Ferner,7001,2268.57620091291,127103.41249847400,2015
96,Westliches Stillup Kees M,9057,2309.08632568718,126368.66895294100,2015
408,Falbesoner Knoten Ferner,3046,1620.75969784237,125782.86401367100,2015
857,Boggenei Kees,5055,3152.09391072513,123956.25363159100,2015
1119,Oberschrammach Kees N,9094,2555.46060520951,123900.34395599300,2015
922,Schneeloch Gletscher,11003,1476.93502697055,123298.20158386200,2015
574,Neururer Ferner N,14039,1948.87096482819,121413.24372100800,2015
476,Kronen Ferner,13013,1693.60561044357,120819.91005325300,2015
611,Mittlerer L├Âcher Ferner,14031,1670.75982093202,120340.82154083200,2015
748,Weisskar Kees N,5157,1773.18911949710,119997.67440795800,2015
848,Riffl Kees S,5093,2939.41844528806,119858.51594543400,2015
155,Litzner Gletscher,12021,2406.01599912899,119806.71711349400,2015
338,Hangender Ferner,2046,1813.56206170371,119073.87673187200,2015
640,Rotmoos Ferner N,2062,2132.41245432944,118529.26595306300,2015
23,Garaneber Kees S,6056,1995.61988681833,117994.32878875700,2015
780,Backtr├Âger Kees,6097,2477.76950670971,117013.01744079500,2015
751,Kalser Tauern Kees S,6102,2271.86269155290,115380.79875183100,2015
179,NN,5127,3129.10781607774,114218.90213012600,2015
198,NN,5133,1531.97815582437,113311.87758636400,2015
711,Hangender Ferner,2148,2170.56299735746,112599.72874450600,2015
558,Polles Ferner E,2152,1654.52061750551,112135.79801177900,2015
991,Rotg├╝lden Kees,22001,2587.39058111450,112014.12751770000,2015
1105,NN,5039,1622.98883668961,111863.32863616900,2015
716,W. Hinterer ├Âlgruben Ferner,7018,2273.90370899236,111620.41099166800,2015
566,Wildkar Kees,9001,1688.54794205835,111500.64851379300,2015
749,Loames Kees N,6100,1655.61432533452,111483.46469879100,2015
855,Kleineiser Kees,5089,1422.00874981495,110185.49018859800,2015
21,Knorr Kees E,6073,1527.96641593021,109344.54450225800,2015
703,S├╝dlicher Weisskar Ferner,2140,2066.78547029330,108361.00384521400,2015
531,H├╝ttenkar Ferner,8001,2552.40837404643,107615.94091796800,2015
721,Rainbach Kees,5154,1909.94886995593,107058.03199005100,2015
361,Simming Ferner W,3014,4496.40413533585,106343.45272064200,2015
210,S├╝dliches Leiterkeesl,5118,2290.26335572663,105588.35887908900,2015
580,Unterer Verpeil Ferner,7007,1524.83104685429,104680.41888427700,2015
874,Kammer Kees,5080,1307.25621197513,104505.68289184500,2015
272,Seespitz Ferner,3054,1387.18444583832,103922.86709594700,2015
1121,Unterschrammach Kees,9095,1391.16561666254,103696.82003021200,2015
526,Banker Ferner,2052,5365.03504221810,103517.95864105200,2015
474,├£bergossene Alm M,5160,2004.85366056069,103438.76065063400,2015
204,NN,5121,1871.31999579967,103183.38059997500,2015
679,Seekar Kees N,5150,2076.05830129021,103114.57424163800,2015
616,Pi├Âsmes Ferner,14044,1444.45919070256,101257.41020202600,2015
62,Schafleiten Kees,9043,1581.44678722431,100042.16640472400,2015
224,Knorr Kees W,6074,1660.09907023352,99731.68979644770,2015
760,Raben Kees ob.,5101,2451.78916395496,98402.74075317380,2015
881,Hohenwart Kees E,4020,1479.64574437333,98317.23779296870,2015
293,Henneberg Ferner,13025,2208.95203348980,96987.15134048460,2015
802,Sandboden Kees,5056,2386.43103210196,96676.19521331780,2015
245,Daber Kees W,6030,1438.92401361485,96630.13952636710,2015
264,Nill Kees,6058,1290.94177374600,96529.78943634030,2015
1049,NN,13053,1450.88009807446,96342.50643157950,2015
553,Vorderer Eiskasten Ferner,14024,1833.67341079262,96236.00990295410,2015
525,Stock Ferner,2088,1847.90425262050,95231.88508605950,2015
575,Oberer Verpeilferner,7006,1331.33685608780,93813.13932800290,2015
1139,Rotkar Ferner,2115,1721.77448779449,93676.05642700190,2015
342,Zwiselbach Ferner,2005,2069.02624074846,92761.97292327870,2015
603,Planggeross Ferner M,14036,1541.77733643992,92554.08883666990,2015
340,Rosstal Ferner,13024,1637.01763533931,92476.01206588740,2015
637,Gaissberg Ferner N,2059,1416.16729821122,91809.22651672360,2015
497,Bieltal Ferner,13028,1521.34519640598,90827.07418441770,2015
614,Gsall Ferner N,7002,1446.11500271709,90764.86438751220,2015
498,├Âstlicher Ferwall Ferner,2056,1841.88906104613,90446.73731994620,2015
306,NN,2020,1527.97868101788,90295.44801330560,2015
285,Rotgrat Ferner,1003,1302.46549514989,90264.93982696530,2015
1066,Vogelmaier Ochsenkarkees un.,5030,1262.69879633538,89801.50746154780,2015
1133,Rofenberg E,2123,1363.00213642942,89708.78200912470,2015
312,Rosskar Ferner,2028,1485.65935802753,89178.29847717280,2015
544,Keeskar Kees,5152,1787.44598806571,87631.62649536130,2015
421,Turm Ferner,3057,1290.15233424644,87391.85778045650,2015
835,Schmiedinger Kees,5081,1526.10489248704,87019.29839324950,2015
693,Plattei Ferner,2134,1432.90812037742,86853.27754211420,2015
222,Oberer Augsten Ferner,13016,1282.79517321760,86574.17868041990,2015
446,Graden Kees E,4003,1520.59443734122,86466.47650146480,2015
623,Ploder Ferner,2169,1438.52504802785,86188.15243530270,2015
629,Platzer Ferner,16002,1436.97750912831,86069.63229370110,2015
1142,Niederjoch Ferner,2111,1574.30603760560,85979.06241607660,2015
645,Hangerer Ferner W,2065,1453.87683501133,85001.03886413570,2015
138,Rauchkofel Kees N,9025,1702.66826747558,84974.39496612550,2015
167,Habach Kees,5117,1565.91954322546,84503.97449493400,2015
839,Brach Kees,5063,1865.53327082753,83502.20630645750,2015
135,Schwarzbrunner Kees,9107,1599.20734570051,83315.17630767820,2015
373,├Âstlicher Gr├╝bl Ferner ob.,3024,1169.67563858982,83096.95241546630,2015
26,Padreil Ferner,3011,2041.87154380979,83020.31605529780,2015
581,Gamezkogel Ferner,14041,1131.08576134353,82714.21069335930,2015
488,Brandner Gletscher,12029,1401.83737036367,82119.32528305050,2015
976,Wastlkar Kees,21025,1241.17528701083,81739.57177734370,2015
27,Keeskar Kees,5152,1575.37697098188,81625.88659667970,2015
909,Sch├Ânbichler Kees,9078,1677.93385850980,81411.12876892090,2015
1136,Kreuz Ferner M,2119,1977.77617553514,81176.00270080560,2015
533,Kaiserberg Ferner,7032,2613.39024651166,80856.23632812500,2015
508,Gamples Ferner,2094,1217.85967993730,80176.21276092520,2015
1104,Krummlkees,5038,2453.79038122408,79954.07934570310,2015
1106,Sch├Ânach Kees W,9009,1930.07862955197,79483.65523529050,2015
28,Sailfrosnitz Kees,6062,1490.07046445838,78134.97866821290,2015
1064,Sch├Ânach Kees E,9007,1251.58044157132,77743.80064392090,2015
104,Federbett Kees,9106,1472.23750054697,77707.84891510010,2015
36,Tiroler Gletscher,12006,1590.54860663825,77104.87429809570,2015
519,NN,2098,1502.67597173643,76727.31359100340,2015
546,Keeskar Kees,5152,1298.69760456111,76169.86910247800,2015
917,Kleiner Gosau Gletscher,11005,1297.97273731368,75483.61912536620,2015
297,Putzenkar Ferner,2013,1177.56787374523,74863.73740386960,2015
483,Fleischbach Kees S,6007,1597.36187753253,74664.20400238030,2015
523,Loob Ferner,2086,1447.50590434080,73257.97766113280,2015
2,H├Âllenstein Kees W,9104,1704.59867380538,73201.38622283930,2015
411,Gugeliger Ferner,3048,1187.50385474114,72768.02008056640,2015
410,Larain Ferner,13007,1795.31901615683,72483.92315673820,2015
768,NN,5107,1864.06179946493,72475.60193634030,2015
146,Verhupf Gletscher,12019,1613.92033083618,72279.80803298950,2015
294,Winnebach Ferner W,2011,1285.56013394902,72229.48233032220,2015
171,Untersulzbach Kees,5123,1520.32531967237,71927.97350311270,2015
528,Riffl Ferner,7030,1387.12740092782,71694.48367691040,2015
114,Im Gl├Âtter S,12016,1931.44368310314,71693.95597076410,2015
910,Daber Kees,6025,1270.46192503056,71626.02779388420,2015
1020,Grosser K├╝chl Ferner M,13043,1364.01527300500,71337.63498687740,2015
409,Falbesoner Knoten Ferner,3046,1522.19678833016,70833.97871398920,2015
1048,Fasul Ferner M,13056,1623.63548647590,70805.18105316160,2015
826,Hirzbach Kees ob.,5061,2329.79443913190,70799.72156524650,2015
643,Hangerer Ferner E,2064,1793.85460260299,70491.68630218500,2015
1081,Keestrachter,5033,1606.42307535749,69749.55664062500,2015
733,Taschach Ferner W,14015,1066.66424601455,69700.58348083490,2015
1039,Kleiner Kuchen Ferner,13051,1376.01665778867,69419.77730941770,2015
1080,Keestrachter,5033,1523.47901310322,69361.00271606440,2015
257,Simony Kees,6045,1984.06880694476,69189.42916870110,2015
811,Foschez Kees,5067,1254.86912864822,68408.77897644040,2015
618,Tiefentaler Ferner,14046,1318.92648437148,68088.19513702390,2015
309,NN,2023,1252.53456582919,67855.31384277340,2015
341,Kitzkamp Ferner W,2048,1939.91208447516,67271.61694335930,2015
659,Glockenkar Kees E,5144,1132.87598017272,66844.96224212640,2015
1007,Tischlerkar Kees E,5006,1670.76924376538,66642.80038452140,2015
555,Waldbergkar Kees,5158,1388.96001317713,66217.20043945310,2015
486,Patscher Kees ob.,6003,1118.15528973364,65912.41220855710,2015
457,Schober Kees E,6120,1373.66226421346,65379.55755615230,2015
1009,Tischlerkar Kees W1,5009,1951.22054982500,64500.73120117180,2015
423,NN,4016,1214.63980980933,64435.04177093500,2015
242,Gubach Kees S,6042,1379.39292589317,63494.46924591060,2015
1113,Hocharn Kees S,5036,1194.72055469388,63087.68383026120,2015
1057,Schareckkees W,5027,2033.48545843979,63047.38340759270,2015
165,Habach Kees,5117,1555.52819082162,62599.40123748780,2015
1129,Stampfl Kees,9091,1204.92226927917,62262.19070434570,2015
918,Grosser Gosau Gletscher,11004,1368.04064151004,61891.98124694820,2015
664,NN,2105,1221.98633778439,61809.68288421630,2015
610,Planggeross Ferner N,14037,1959.13892775146,61537.97925567620,2015
973,Findlkar Kees,21012,1244.94296583861,61447.21081542970,2015
495,Bieltal Ferner,13028,1169.43538749680,60558.74462127680,2015
893,Leiter Kees,4018,1022.62119055872,60370.93467712400,2015
615,Gsall Ferner N,7002,1177.72619856052,60072.21566009520,2015
42,Westliches Stillup Kees E,9056,1480.97772780184,59513.08204650880,2015
39,Westliches Stillup Kees W,9058,1404.18854730856,59032.54093170160,2015
280,Kraspes Ferner,1015,1164.19506205117,58699.90522766110,2015
126,NN,9036,1534.05679667633,58333.87798309320,2015
542,NN,14022,1121.66032904023,58082.38374328610,2015
313,NN,2029,1040.50635272320,57939.81285095210,2015
333,├Âstlicher Scheiblehn Ferner E ob.,2042,1453.81954489038,57179.95916748040,2015
151,Schneekarl,9051,1295.52048537301,57147.36908721920,2015
928,Schwalben Kees,21004,1063.71758358081,57035.94383239740,2015
260,Dorfer Kees,6052,1127.80237050462,56859.35805511470,2015
1006,Kessler Kees M,5004,2348.93098449043,56810.73767089840,2015
547,S├╝dlicher Puitkogel Ferner,2158,1052.02426281369,56795.87974548330,2015
830,NN,5076,1338.71543438661,56536.84922027580,2015
200,NN,5111,1671.96223710033,56469.01750183100,2015
884,Guttal Kees,4033,2011.71876006200,56157.06863403320,2015
343,Zwiselbach Ferner,2005,1000.04377420114,56138.90699768060,2015
585,Bligg Ferner N,7014,1351.24816456196,55953.46776580810,2015
750,Landeck Kees,6093,1502.80474060605,55817.37057495110,2015
962,Grosselend Kees,21014,1735.15119815356,55720.69888305660,2015
356,Simming Ferner M,3013,2214.34065176958,55444.03965759270,2015
281,Kraspes Ferner,1015,2238.44970473885,55397.63694763180,2015
238,NN,6082,1186.48726854298,55226.68824005120,2015
814,Schweizer Gletscher,12023,1231.29569844147,55009.63730621330,2015
715,Hinterer ├ûlgruben Ferner,7017,1169.19275704500,54872.39343261720,2015
1023,Greiner Kees,9079,1259.42130481624,54426.67581176750,2015
723,Rainbach Kees,5154,1079.50959519950,54355.00626373290,2015
72,├ûstliches Stillup Kees N,9054,1892.86560934397,54204.75685882560,2015
38,Floiten Kees E,9063,1289.03504412137,53413.74188995360,2015
506,Jamtal Ferner,13019,1305.65790567968,53009.36793136590,2015
704,S├╝dlicher Weisskar Ferner,2140,1020.50444529150,52784.50768280030,2015
3,Abreder Kees,5113,1202.78397626339,52644.75875854490,2015
290,Weisskogel Ferner,1008,1124.29326805069,52568.42900085450,2015
317,Muschen Ferner W,2031,913.29829123153,51833.19629669190,2015
230,Gschl├Âss Kees E,6085,1149.37719424461,51607.44230651850,2015
31,Ebenes Kees,9005,1533.30261376487,51569.54545593260,2015
325,Warenkar Ferner,2036,1206.95297669079,51303.64925384520,2015
248,Welitz Kees N1,6035,1277.81916922540,51258.23396301270,2015
529,Glockturm Ferner,8002,1061.79835395159,51198.17085266110,2015
58,Grasleiten Kees S,9040,1156.35191429108,51136.87740325920,2015
902,Hinterer Kasten Kees ob.,6104,975.02117465120,51086.13569641110,2015
327,NN,2038,1439.55287242771,50961.87421417230,2015
1074,Wei├ƒenbachkees,5040,1920.84934808554,50904.12210083000,2015
59,Grasleiten Kees S,9040,1424.45733442125,50476.75534820550,2015
289,Ochsenkar Ferner,1006,2319.66758018853,50449.61945343010,2015
1031,Aschaten Ferner,3007,1251.99906485223,50227.67881774900,2015
370,NN,3022,1401.19189317305,49942.78195190420,2015
394,Daunkopf Ferner,3037,1193.35355340438,49771.22772979730,2015
24,Garaneber Kees S,6056,1388.27847383414,49614.97983551020,2015
892,Leiter Kees,4018,1668.60989699504,49472.34684753410,2015
741,Vordersee Ferner,18004,934.44483665740,49364.03050231930,2015
661,Diem Ferner E2,2102,1439.32204003998,49282.23168945310,2015
1002,Gst├Âss Kees E,5001,892.79470226204,48989.70083618160,2015
389,Aperer Freiger Ferner,3031,925.55880427102,48882.68417358390,2015
125,Rauchkofel Kees M,9024,1013.74260728539,48759.08985900880,2015
868,Wasserfall Kees,5078,875.95970530415,48630.21705627440,2015
632,Schweikert Ferner,7005,918.45594340608,48324.34786987300,2015
189,Schliefer Kees N,5137,1030.59052746794,47917.95423889160,2015
399,Ruderhof Ferner ob.,3041,1291.90628018563,47833.38349914550,2015
518,Lehner Ferner,2084,1816.79844355203,47770.36850738520,2015
477,NN,6009,865.72373472272,47552.22939300530,2015
770,NN,5108,1745.81830955212,47281.00724029540,2015
1011,Grubenkar Kees,5013,1029.95444048527,47134.91363525390,2015
731,Taschach Ferner E,14014,963.17159576596,47131.37266540520,2015
646,Hocheben Ferner,2066,1437.16728662570,47054.73686981200,2015
81,NN,9053,1679.24515329093,46992.23263549800,2015
916,N├Ârdlicher Torstein Gletscher,11006,936.38912239307,46877.72415161130,2015
70,Kleiner Riepen Kees,9098,2147.44762189387,46768.01549530030,2015
499,├Âstlicher Ferwall Ferner,2056,1663.67335990004,46527.08050537110,2015
144,Mitter Kees M,9049,1045.17198266852,46407.37699890130,2015
100,Friesenberg Kees,9099,1723.10344665717,46360.46481323240,2015
412,Knotenspitz Ferner E,3049,887.16777085877,46310.58257293700,2015
186,Westliches Sonntags Kees,5140,1540.04095943815,46214.61856079100,2015
491,Bieltal Ferner,13028,1009.56496066179,46068.02262878410,2015
448,NN,6117,898.46748704545,46058.63854217530,2015
660,Diem Ferner E1,2101,927.44948399944,45786.85836029050,2015
10,Fritschnitz Kees S,6059,1195.41171916688,45206.95538330070,2015
472,├£bergossene Alm W,5161,2342.35987814714,45039.19592285150,2015
979,Tischlerkar Kees W2,5010,1280.30684001465,44994.41482543940,2015
504,Latsch Ferner,2096,1032.67882478164,44813.63674163810,2015
158,NN,6020,921.17994635765,44796.69263458250,2015
787,Muntanitz Kees,6095,906.12860967630,44731.79740142820,2015
406,NN,3045,1218.23279913336,44660.74317932120,2015
44,Westliches Ochsner Kees,9069,1182.88255427111,44620.55464935300,2015
929,Ritteralm Kees,21002,963.69329151134,44242.43663787840,2015
484,Fleischbach Kees S,6007,855.68736051275,43588.17948913570,2015
366,Pinnis Ferner,3018,818.80140539289,43555.12242889400,2015
254,Simony Kees,6045,933.66243544980,43293.01836395260,2015
923,Schwarzmilz Ferner,18009,1114.27779213178,43274.88855743400,2015
796,Spielmann Kees W,5046,1180.27228310912,43226.10935211180,2015
430,Seekamp Kees W,4008,1147.91107019074,43126.01558685300,2015
958,Winkl Kees S,4044,954.17115696210,43030.14205932610,2015
102,Hauser Kees,9102,1410.16929024616,43008.85264587400,2015
667,Schalf Ferner,2107,1112.20829556159,42860.18051910400,2015
576,Seebach Ferner,14040,1068.48634157373,42801.58429718010,2015
901,Hinterer Kasten Kees un.,6105,1561.76215909296,42759.89009857170,2015
613,Gsall Ferner S,7003,1056.12696685692,42727.21874237060,2015
941,NN,21001,1258.64402197740,42608.60033416740,2015
880,S├╝dlicher Pfandlscharten Kees,4032,1650.24525923315,42607.32814025870,2015
336,├Âstlicher Scheiblehn Ferner W,2044,1342.61780878364,42520.25595855710,2015
913,Edelgriess Gletscher,10002,1289.27795704978,42133.78739929190,2015
239,Daber Kees E ob.,6031,869.18584907635,42013.59447479240,2015
696,Mitterkar Ferner,2135,1387.98556735545,41863.77600097650,2015
184,Schliefer Kees S,5139,1067.33690146540,41720.19976806640,2015
740,Grinner Ferner,13064,1106.56195899285,41652.82184982290,2015
463,Schober Kees W,6121,901.57145010516,41634.91564941400,2015
688,Guslar Ferner mi.,2131,1502.29469160523,41557.99333953850,2015
447,NN,4012,1314.22319220695,41531.60453033440,2015
831,Oberer Hocheiser Kees W,5087,1010.18386770883,41511.75713348380,2015
362,Aperer Feuerstein Ferner E1,3020,1340.02039310664,41441.28829193110,2015
766,Landeck Kees W,5106,1675.68967366266,41408.17485046380,2015
473,├£bergossene Alm W,5161,962.28796218034,41407.55262756340,2015
897,Kluppen Ferner,3008,1305.32397676092,41289.31681823730,2015
584,Bligg Ferner N,7014,919.78336163386,41223.19506835930,2015
742,NN,18003,1000.53082430120,41215.59976196280,2015
927,Schwarzhorn Kees,21021,949.55555573557,40947.37551879880,2015
681,Guslar Ferner mi.,2131,1036.60626970123,40700.04019927970,2015
624,NN,2170,979.73625593496,40694.93014526360,2015
345,Zwiselbach Ferner W,2006,779.27161538200,40617.31182098380,2015
571,N├Ârdlicher Puitkogel Ferner N,2160,2203.57878210052,40423.64575958250,2015
378,Westlicher Gr├╝bl Ferner E,3025,1901.46817440130,39782.07932281490,2015
63,Schafleiten Kees,9043,1570.86957514508,39417.25447082520,2015
279,N├Ârdlicher Sonnenwand Ferner,1012,1391.92779954652,39171.13504028320,2015
870,NN,5064,782.29832278626,39107.45123291010,2015
747,Loames Kees S,6099,885.64898118942,38933.27404785150,2015
101,NN,12012,1273.02590009235,38906.48616027830,2015
1125,Greinerkar Kees W,9081,1705.85129026418,38906.44741821280,2015
891,NN,4031,1260.54486795685,38749.83869171140,2015
510,Manigenbach Ferner,2082,875.25024427193,38737.68737792960,2015
246,Daber Kees E,6032,987.62313692922,38608.27111816400,2015
995,Muritz'n Kees M1,22004,1264.05116369173,38587.18022155760,2015
93,Schafleiten Kees S,9042,1104.52257483459,38540.17773437500,2015
662,Kainzerkar Kees S,9045,1372.46643395352,38176.91802978510,2015
698,Taufkar Ferner,2137,1704.88854141227,37968.21266937250,2015
756,Sonnblick Kees,5097,1120.78139692251,37731.88410186760,2015
967,Reischberg Kees,9083,1310.12194516948,37701.20462799070,2015
930,Plessnitz Kees,4042,1151.16761705426,37145.57940673820,2015
1127,Greinerkar Kees E,9080,839.03382561362,37020.14154052730,2015
583,NN,14043,892.45390286022,36940.67572784420,2015
888,Schwerteck Kees E,4022,819.60316606031,36889.95432281490,2015
841,NN,5065,809.16320116051,36885.36293029780,2015
123,Gefrorene Wand Kees,9110,1087.29824150315,36653.06958007810,2015
954,Lassacher Kees,4041,1125.19027491517,36506.00663757320,2015
288,Gr├╝ne Tatzen Ferner,1005,799.83997456918,36195.32400512690,2015
1124,NN,3005,1152.92858132722,36031.00003051750,2015
8,Watzfeld Kees S,5115,1080.64576035364,35840.88816833490,2015
932,Plessnitz Kees,4042,882.08964469463,35544.69419860830,2015
833,Hochsteller Kees,9089,1146.25433273513,35278.49598693840,2015
752,NN,6101,1241.21792406807,35276.14337158200,2015
992,Rotg├╝lden Kees,22001,1262.16027344375,35191.99926757810,2015
296,Bachfallen Ferner,2012,728.15261072070,34939.15693664550,2015
1114,Hocharn Kees S,5036,1103.53501438501,34889.76565551750,2015
717,Westlicher Wannet Ferner,7019,796.03890579729,34807.62811279290,2015
169,Habach Kees,5117,858.81743696055,34738.49655914300,2015
47,├Âstliches Ochsner Kees,9068,1449.54341376378,34609.50156402580,2015
599,Weissmaurach Ferner,14005,904.29409316222,34507.62728881830,2015
1140,Rotkar Ferner,2115,812.28874981145,34498.21800231930,2015
347,Larstig Ferner,2007,957.37812326759,34429.60779571530,2015
1132,Alpeiner Ferner,3004,1127.58497269083,34412.59906005860,2015
785,NN,6096,864.65143890881,34392.10289001460,2015
148,H├Âllenstein Kees E,9103,1419.59293427261,33845.62169647210,2015
492,NN,2078,1668.48580574169,33751.35563659660,2015
669,NN,2109,1225.06213619456,33537.82577514640,2015
403,Larain Ferner,13007,841.96892979986,33369.08599853510,2015
663,NN,2104,937.66667668419,33262.23666381830,2015
651,Seelen Ferner 5,2071,1283.10809476772,33182.57106018060,2015
869,Geral Kees,5084,1413.10861706641,32838.13474273680,2015
595,Wazebach Ferner,7012,822.07958037547,32774.23660278320,2015
961,Grosselend Kees,21014,812.22915162051,32635.26994323730,2015
390,NN,3033,1083.80659854208,32613.99007415770,2015
947,K├Âlnbrein Kees,21024,1131.46671394967,32593.58235168450,2015
40,NN,9065,1329.58296989108,32454.21832275390,2015
1088,Sparaenger Kees W,5020,967.09221136352,32262.90978240960,2015
434,Seekamp Kees E,4007,1120.69976029844,32236.02080535880,2015
247,NN,13022,920.03292030999,32034.45543289180,2015
134,Im Gl├Âtter N,12017,782.42621222993,31948.53272247310,2015
45,Westliches Ochsner Kees,9069,1024.74965728918,31464.50275421140,2015
479,Kronen Ferner,13013,898.15202945197,31307.14392089840,2015
797,NN,5048,978.10016510197,31272.28042602530,2015
236,NN,6080,1451.10745336034,30909.23952484130,2015
964,NN,4045,835.75713147127,30901.77136230460,2015
957,Hirzbach Kees un.,5062,804.05211544640,30828.30248260490,2015
131,Stampfl Kees W,9090,1277.33561153150,30751.80538940430,2015
244,Gubach Kees N,6041,850.84903895703,30638.60887145990,2015
1079,Goldzechkees,4035,1670.98352910508,30619.23023223870,2015
375,Westlicher Gr├╝bl Ferner E,3025,1160.28295509398,30611.73329925530,2015
778,Gebrochener Hang,6094,1467.67858129634,30475.81636810300,2015
882,Schwerteck Kees W,4024,779.64734715139,30470.13813018790,2015
845,Bockkar Kees,4029,976.30381825225,30448.76765441890,2015
311,Wannen Ferner,2027,717.59363436479,30309.16443634030,2015
1084,Zirknitzkees,4037,902.12223551581,30186.72622680660,2015
64,Schafleiten Kees,9043,1091.15215832733,29971.01478576660,2015
395,Daunkopf Ferner,3037,883.01404234443,29462.63441467280,2015
110,Kaserer Ferner,3001,1504.47624069480,29302.57067871090,2015
573,Rotenkarl Ferner,7008,743.08269778460,29266.78896331780,2015
588,├ñusserer Pirchelkar Ferner N,2165,822.30422109927,29262.85887145990,2015
318,Muschen Ferner W,2031,921.19788131868,29088.87757110590,2015
97,Westliches Stillup Kees M,9057,1048.13548731283,28990.46328735350,2015
522,Wurmkogel Ferner,2054,1978.23435056519,28981.67283630370,2015
481,Almer Kees E,6001,648.03574928349,28882.72097778320,2015
168,Habach Kees,5117,914.83382743391,28827.16005706780,2015
1042,Kaltenberg Ferner,13062,672.32381302005,28779.66490554810,2015
82,NN,9053,1240.10493625216,28671.23880004880,2015
534,Kaiserberg Ferner,7032,787.32488873408,28652.72057342530,2015
363,Habicht Ferner,3017,1104.55995183352,28606.23624420160,2015
436,G├Âssnitz Kees,4011,680.20832403164,28533.73665618890,2015
13,Hohe Achsel,6065,707.62928828177,28438.86994934080,2015
1111,Maurer Kees M,6048,1003.41299053392,28371.57440948480,2015
505,NN,2095,1053.20689173608,28029.36029052730,2015
875,Kellersberg Kees,4025,862.82055081741,27930.86703491210,2015
160,NN,6016,845.32739133125,27822.02257537840,2015
500,NN,2080,909.64300320936,27758.38873291010,2015
925,Tischlerspitz Kees,21023,940.92881645255,27565.39659118650,2015
1016,Radegg Kees,5015,1580.50927662287,27311.71968078610,2015
383,NN,3028,979.44904539887,27282.34997558590,2015
284,Lisenser Ferner,3060,699.30913705537,27276.59125518790,2015
587,├ñusserer Pirchelkar Ferner N,2165,695.91707722243,27260.87553405760,2015
824,N├Ârdliches Pfandlscharten Kees,5047,1741.59835449654,27204.34894561760,2015
352,Simming Ferner E,3012,723.79477125453,26862.72473144530,2015
15,Dabernitz Kees E,6068,774.32016743953,26760.87409210200,2015
905,NN,6026,824.77450380876,26722.35131835930,2015
466,Staniska Kees,6122,735.99910241512,26716.11981201170,2015
984,Aschaten Ferner ob.,3006,664.17630143200,26683.10255432120,2015
147,Ebenes Kees,9047,1006.11294289937,26625.15374755860,2015
164,Habach Kees,5117,694.69535113567,26433.38230895990,2015
14,Hohe Achsel,6065,848.00573079311,26417.59966278070,2015
803,Sandboden Kees,5056,730.20905000714,26417.50472259520,2015
43,L├Âffler Kees N,9060,996.89822954128,26347.06925964350,2015
788,NN,6086,1153.84344088038,26339.06614685050,2015
111,NN,9034,964.30346778176,26280.74494171140,2015
443,Graden Kees M,4004,749.35152108972,26173.99552917480,2015
604,Madatsch Ferner W,7010,981.91949797404,26127.40243530270,2015
145,Mitter Kees E,9048,825.03204738640,26077.26498413080,2015
78,NN,9053,1060.17172202282,26062.89324188230,2015
334,├Âstlicher Scheiblehn Ferner E ob.,2042,1189.47726368147,26039.56600952140,2015
471,├£bergossene Alm W,5161,1256.42199710044,25556.08612060540,2015
946,K├ñlberspitz Kees,21015,812.11444203920,25548.14991760250,2015
107,Griesbachjoch Kees N1,9032,797.33202592342,25424.98989105220,2015
674,S├╝dlicher Say Ferner,2112,727.99515835784,25007.68764877320,2015
965,NN,4045,772.91984013356,24952.44290161130,2015
737,NN,13063,1109.17531416081,24893.73334503170,2015
452,Gl├Âdis Kees,6116,845.62470100633,24700.86746978760,2015
515,Krummgampen Ferner S,7028,899.56058361480,24559.79488754270,2015
450,Peischlachkessel Kees E,6114,928.83069529839,24471.68027496330,2015
143,Kainzerkar Kees,9046,847.57740509181,24363.08803558350,2015
699,Taufkar Ferner,2137,731.30218454355,23966.32730865470,2015
940,├Âstlicher Tripp Kees,21009,897.75582019676,23935.34188842770,2015
1061,NN,5280,1325.87067223100,23879.65486907950,2015
849,NN,5052,1372.72380876168,23845.75980377190,2015
687,Guslar Ferner kl.,2130,1077.33632988608,23248.90475463860,2015
482,Rampleter Kees,6005,686.27563126061,23179.02198028560,2015
843,NN,5049,707.70173848139,22712.30596160880,2015
926,Tischlerspitz Kees,21023,1415.31549745245,22653.16333007810,2015
743,Fallenbacher Ferner,18005,1170.65550952327,22516.92076873770,2015
889,Eiskeller,4021,711.01845241635,22467.43418884270,2015
1075,Wei├ƒenbachkees,5040,878.72325496180,22458.92375946040,2015
80,NN,9053,671.89085400746,22278.75965118400,2015
380,Westlicher Gr├╝bl Ferner M,3026,1506.26411253719,22103.03684997550,2015
286,Rotgrat Ferner,1003,884.40057371873,21932.49597167960,2015
206,NN,5121,611.95941906433,21909.21196746820,2015
524,Loob Ferner,2086,885.57886238252,21719.75500488280,2015
461,Schober Kees W,6121,685.72210835064,21678.62628173820,2015
256,Simony Kees,6045,802.29823056293,21671.99300384520,2015
904,NN,6027,818.85703650054,21660.06569671630,2015
767,Landeck Kees W,5106,1172.79496056822,21594.84538269040,2015
707,NN,5153,637.92986105728,21586.96406555170,2015
1045,N├Ârdlicher Madaun Ferner,13039,856.29431026971,21434.81509399410,2015
511,Gamples Ferner N,2093,905.43686588899,21372.16290283200,2015
568,NN,2151,911.42503731737,21289.39518737790,2015
251,Welitz Kees N2,6036,783.83770237538,21086.79666137690,2015
561,S├╝dlicher L├Âcher Ferner E,14028,559.23967291648,21019.20287322990,2015
4,N├Ârdliches Leiterkeesl,5119,930.55040647955,20957.67030334470,2015
369,Aperer Feuerstein Ferner W,3021,617.08562349527,20898.79450988770,2015
503,Latsch Ferner,2096,892.97938360028,20695.10132598870,2015
754,Landeck Kees E1,5103,937.66724767442,20675.68160247800,2015
532,├£bergossene Alm E,5159,659.15930000466,20670.94331359860,2015
757,Filleck Kees,5098,1026.61149400115,20567.46475219720,2015
994,Rotg├╝lden Kees,22001,698.13154852494,20537.58659362790,2015
600,Fallende Bach Ferner E,15001,904.72242859354,20462.30359649650,2015
626,Fallende Bach Ferner W,15003,679.12853276551,20406.91805648800,2015
344,R├Âtenkar Ferner,2051,756.30405403276,20300.09713745110,2015
424,NN,4013,857.93990906808,20232.99757385250,2015
37,Saur├╝ssel Kees,9071,1213.46693962097,20214.54051971430,2015
657,NN,2077,962.95680714146,20151.33930969230,2015
379,Westlicher Gr├╝bl Ferner E,3025,804.53039951607,19971.91722106930,2015
864,NN,5057,939.56984509623,19738.47800445550,2015
71,Schneegupf,9096,762.34394590243,19628.60052490230,2015
1041,Oberschrammach Kees S,9093,911.03224745847,19588.76157379150,2015
194,K├ñferfeld Kees,5125,756.80389488028,19564.95009613030,2015
1035,NN,13031,845.30716824539,19463.69469833370,2015
48,Melkerscharten Kees,9067,1080.95108315231,19438.25124359130,2015
633,NN,7004,731.63650328532,19408.30860900870,2015
1091,NN,5037,1129.99340079663,19385.60824584960,2015
130,Stampfl Kees W,9090,625.73525329467,19304.06820678710,2015
358,Simming Ferner M,3013,794.94199914103,19246.12808990470,2015
191,Schliefer Kees M,5138,649.26589621759,19202.23237609860,2015
937,Plessnitz Kees,4042,824.20380605396,19196.75541687010,2015
840,Brach Kees,5063,620.04007868873,19140.03639984130,2015
266,NN,6051,671.73608107005,19126.04332733150,2015
539,Mittlerer Eiskasten Ferner E,14020,1183.46122248104,19026.44802856440,2015
229,NN,6083,589.54523624005,19004.70787811270,2015
207,NN,5109,827.38540210835,18983.71012878410,2015
939,Plessnitz Kees,4042,706.19255846099,18978.87236022940,2015
1012,Grubenkar Kees,5013,624.94584956954,18887.36637878410,2015
960,Grosselend Kees,21014,635.23209032869,18771.19702148430,2015
17,NN,6072,791.03889651993,18751.46997833250,2015
764,Landeck Kees E2,5104,661.90378508992,18607.38075256340,2015
475,├£bergossene Alm M,5160,712.23479023246,18594.04812622070,2015
705,Mittlerer Weisskar Ferner,2141,1328.58567579595,18455.58740997310,2015
368,NN,13018,841.10031638535,18443.56611633300,2015
724,Weissee Ferner W1,7024,769.56762209248,18341.18575286860,2015
351,Madlener Ferner,13026,717.47833709277,18307.35798645020,2015
157,Litzner Gletscher,12021,929.58879931620,18277.58334350580,2015
1052,NN,5016,799.72127475005,18225.35898590080,2015
1092,NN,5024,639.90797723910,18113.37580871580,2015
83,NN,9053,669.99550565471,17968.39225769040,2015
202,NN,5112,793.81606081109,17903.40444183350,2015
527,Plattenkogel Ferner,2053,1289.63578608952,17899.24936676020,2015
512,NN,2083,991.05398243077,17845.39471435540,2015
374,├Âstlicher Gr├╝bl Ferner ob.,3024,625.56093230912,17684.34174346920,2015
963,Grosselend Kees,21014,655.72373599933,17639.23275756830,2015
822,Fuscherkar Kees,5050,675.19636613103,17416.59120941160,2015
211,NN,5135,573.97286704161,16954.91747283930,2015
953,Lanisch Kees,21026,668.52336529359,16894.51316833490,2015
480,NN,6008,520.26502659768,16678.88455200190,2015
319,Muschen Ferner W,2031,583.28355623968,16593.40619659420,2015
177,K├ñferfeld Kees,5125,499.78295725580,16552.88217926020,2015
249,Welitz Kees N1,6035,630.75310316947,16533.41584777830,2015
938,Plessnitz Kees,4042,719.38425158464,16503.24012756340,2015
94,Mitter Kees W,9050,603.25599833506,16461.41296386710,2015
728,NN,14009,562.09999824029,16313.46423339840,2015
118,NN,9035,850.41305228782,16279.52322387690,2015
354,Simming Ferner M,3013,666.46645593521,16248.05736541740,2015
159,NN,6015,522.55550236485,16234.49413299560,2015
1097,Wurtenkees + Toteis,4038,539.65466994865,16073.52112579340,2015
99,Riffler Kees,9100,947.38225595461,16064.75418853760,2015
139,Ribler Kees,9037,706.84995178700,16013.09490203850,2015
865,NN,5057,526.41181679067,16013.05671691890,2015
969,Westlicher Tripp Kees,21007,653.97407045511,15996.24369812010,2015
133,Weisskarkeeser,9052,775.76017488376,15966.68952178950,2015
738,Parseier Ferner,18002,1093.25900556375,15895.12072372430,2015
771,Raben Kees E,5100,748.54559573661,15894.82833862300,2015
563,Rostiz Ferner,7013,738.12085665160,15846.65367126460,2015
304,L├ñngentaler Ferner,2002,642.89304645463,15792.40469360350,2015
769,NN,5107,645.99011915706,15757.81847381590,2015
776,Daber Kees N,6090,936.38154986351,15725.53792572020,2015
350,NN,3010,933.78206426877,15670.22799682610,2015
911,Sch├Ânbichler Kees,9078,503.09264424706,15455.50350952140,2015
109,Griesbachjoch Kees N2,9032,579.05569942615,15362.78587341300,2015
140,Ribler Kees,9037,644.55168007364,15319.43270111080,2015
149,NN,9019,560.03109778258,15250.30463409420,2015
983,Tischlerkar Kees M1,5007,766.05723329598,15226.34480285640,2015
387,Kleiner Gr├╝nau Ferner,3029,959.64943162764,15160.54112243650,2015
827,Hirzbach Kees ob.,5061,613.23695580957,15110.04281616210,2015
77,NN,9062,565.66134351029,15108.18978881830,2015
384,Kleiner Gr├╝nau Ferner,3029,767.75723749517,15020.43869781490,2015
456,NN,6113,521.27654096909,15012.74799346920,2015
1033,├Âstlicher Eisentaler Gletscher,12002,506.14378428922,14988.60382080070,2015
357,Simming Ferner M,3013,709.82519511042,14831.85601043700,2015
856,Kleineiser Kees,5089,498.09122590131,14767.89500427240,2015
955,Lassacher Kees,4041,478.72560705285,14739.76925659180,2015
1087,Schlappereben Kees,5021,628.91199559110,14709.03184509270,2015
915,S├╝dlicher Torstein Gletscher,10001,611.91981802062,14667.72856140130,2015
190,Schliefer Kees N,5137,669.42786197838,14537.96677398680,2015
866,NN,5057,590.07069591873,14495.85049438470,2015
1058,Schareckkees W,5027,540.05043105813,14482.96382904050,2015
212,NN,13005,610.21211726619,14465.38742065430,2015
92,NN,9026,508.78128448084,14437.93762969970,2015
196,NN,13004,544.57139861701,14390.32610321040,2015
316,Muschen Ferner E,2030,787.48298577175,14366.30834960930,2015
129,Schafkar Kees,9029,823.29026371810,14314.28578186030,2015
84,NN,9039,585.26847694299,14305.36268615720,2015
556,Fisslad Ferner,7033,876.07816204576,14271.49774169920,2015
1022,Grosser K├╝chl Ferner W,13044,620.97824522542,14266.66284179680,2015
781,Schlegeis Kees,9087,493.82372719253,14107.80855560300,2015
493,NN,2078,775.59977082449,14017.66559600830,2015
970,Westlicher Tripp Kees,21007,540.64352400893,14016.52059936520,2015
1110,Maurer Kees M,6048,684.32602617956,13962.83840179440,2015
141,Bodenkar Kees,9105,713.12223441175,13872.82054901120,2015
1090,Sparaenger Kees W,5020,972.18310378420,13832.48748016350,2015
1014,Grubenkar Kees,5013,801.35342487165,13796.39744567870,2015
1115,Hocharn Kees S,5036,513.13984659120,13737.67354583740,2015
867,Wurfer Kees,5085,1274.53051622272,13736.72564697260,2015
405,Larain Ferner,13007,727.57824465783,13661.60284423820,2015
877,Kellersberg Kees,4025,584.27590010206,13587.70442199700,2015
1060,Schareckkees E,5025,629.09630270915,13507.17541503900,2015
1015,NN,5012,904.39530838616,13419.64662170410,2015
241,Gubach Kees S,6042,537.12288202452,13392.17903137200,2015
701,NN,2138,588.65846241118,13376.35601806640,2015
1117,NN,9014,709.14682451809,13319.46465301510,2015
972,Westlicher Tripp Kees,21007,605.07646710664,13287.89845275870,2015
444,NN,4001,574.78827444542,13279.92503356930,2015
935,Plessnitz Kees,4042,799.08574993427,13277.39125061030,2015
548,S├╝dlicher L├Âcher Ferner ob.,14029,534.06649647665,13231.82403564450,2015
578,Seebach Ferner,14040,731.14410698345,13205.66559600830,2015
46,NN,9066,610.47895692238,13199.19559478760,2015
605,Weiss Ferner,14004,700.19414621680,13189.36833953850,2015
1054,Waxegg Kees,9076,447.24169065058,13182.62564849850,2015
187,Westliches Sonntags Kees,5140,591.36149272018,13146.21429443360,2015
745,NN,6087,448.57331090666,13112.45567321770,2015
1024,NN,13038,935.52424081106,13095.25358581540,2015
952,Lanisch Kees,21026,1107.30193162476,13081.23077392570,2015
489,Brandner Gletscher,12029,462.30884908376,13079.09854507440,2015
903,NN,6024,453.64066142188,13046.82395935050,2015
136,NN,9028,745.17130357633,12917.58821105950,2015
1,NN,9027,488.41245033050,12812.90604400630,2015
673,Niederjoch Ferner,2111,725.48103724703,12785.39121627800,2015
33,,0,726.88928457846,12781.92739105220,2015
73,├ûstliches Stillup Kees N,9054,466.80451209722,12611.59085083000,2015
453,Ralf Kees,6119,741.81078995123,12547.95838165280,2015
759,NN,5099,619.14268082877,12522.38892364500,2015
385,Kleiner Gr├╝nau Ferner,3029,938.45572067248,12427.72746276850,2015
396,Grosser See Ferner,3038,598.92715392172,12382.45403289790,2015
885,NN,9084,619.49574742904,12334.83513641350,2015
601,Wildgerlos Kees W,9004,447.23105936682,12235.39158630370,2015
425,NN,4014,469.68053693121,12086.36518096920,2015
980,Muritz'n Kees E,22003,624.20829326484,12046.57458496090,2015
1070,Sparangerkees,5019,509.72806317394,12008.57030487060,2015
1021,Grosser K├╝chl Ferner M,13043,453.33057703662,11967.78813934320,2015
774,Raben Kees E,5100,824.45893476984,11913.19149780270,2015
854,Unterer Riffl Kees,5091,728.43885111766,11870.51239013670,2015
170,NN,5120,601.60168577349,11826.58348083490,2015
121,NN,9108,561.87422523647,11800.43247222900,2015
1026,NN,13032,686.40439935135,11768.25439834590,2015
1032,NN,13041,420.67729781457,11696.19924163810,2015
638,Floiten Kees,9064,546.53675112203,11668.97072601310,2015
231,Gschl├Âss Kees W,6084,602.27396248754,11634.29071044920,2015
250,Welitz Kees N1,6035,483.28107532878,11604.36904907220,2015
377,Westlicher Gr├╝bl Ferner E,3025,548.75840843869,11539.77809906000,2015
439,Prititsch Kees,4002,872.49108086462,11491.65225219720,2015
205,NN,5121,413.82993255097,11412.05626678460,2015
440,Graden Kees W,4005,470.88015113178,11371.09749603270,2015
172,Untersulzbach Kees,5123,554.39230766673,11329.03971862790,2015
1122,Unterschrammach Kees,9095,476.17181355192,11301.17387390130,2015
458,Schober Kees E,6120,409.68736544824,11239.17648315430,2015
162,NN,6017,584.02183140982,11199.13980865470,2015
871,Schmalzgruben Kees,5059,488.62261186395,11165.45841979980,2015
823,Fuscherkar Kees,5050,510.92271307888,11112.44328308100,2015
746,NN,6087,526.10568938491,11033.83549499510,2015
593,N├Ârdlicher L├Âcher Ferner,14032,413.34074406830,11026.88381958000,2015
451,Peischlachkessel Kees E,6114,407.74330574225,11004.19674682610,2015
812,Foschez Kees,5067,447.40806099612,10955.91744995110,2015
1077,NN,5041,512.90178916594,10930.35700225830,2015
376,Westlicher Gr├╝bl Ferner E,3025,452.70943561825,10855.46725463860,2015
1017,Radegg Kees,5015,803.10327190261,10820.34777832030,2015
35,NN,12018,492.02163261661,10809.99419021600,2015
34,,0,541.20790585292,10638.80899810790,2015
178,K├ñferfeld Kees,5125,427.72853067105,10576.65065002440,2015
278,S├╝dlicher Sonnenwand Ferner,1011,375.39576862106,10542.95862579340,2015
565,S├╝dlicher L├Âcher Ferner W,14030,768.96582908183,10512.48574829100,2015
977,NN,22002,483.89725166163,10460.30790710440,2015
873,Winterkarl,5082,707.23181281186,10449.67556762690,2015
74,├ûstliches Stillup Kees N,9054,499.10250521096,10445.81285858150,2015
276,Berglas Ferner N,3059,429.60911945992,10414.67646026610,2015
300,NN,2016,494.46778205602,10258.92858123770,2015
695,Taufkar Ferner,2137,491.91535729820,10255.45404052730,2015
744,NN,19001,631.77443777656,10217.45851516720,2015
203,NN,5112,522.72559293160,10149.12059020990,2015
821,Fuscherkar Kees,5050,440.85232728649,10148.15545654290,2015
675,Seekar Kees S,5149,626.63357752453,10128.07805633540,2015
128,Schafkar Kees,9029,536.29466107410,10095.88863372800,2015
113,Rauchkofel Kees S1,9022,458.64216629026,9953.86891174316,2015
315,Mittertal Ferner,2003,578.59240333715,9951.53404235840,2015
56,Hohenau Kees,9020,471.08725872040,9945.22948455811,2015
948,K├Âlnbrein Kees,21024,656.25526595550,9925.78953552246,2015
359,Simming Ferner M,3013,655.32393602108,9893.99670410156,2015
465,Schober Kees W,6121,510.71473539458,9863.19005584717,2015
176,K├ñferfeld Kees,5125,456.10287707069,9821.90485382080,2015
861,NN,9085,423.67727997054,9816.57212066650,2015
320,Reichenkar Ferner,2032,389.67993638968,9691.96672821044,2015
112,Rauchkofel Kees S2,9023,487.20354522768,9613.31684112549,2015
429,Klammer Kees,4006,778.87891356606,9562.18189239501,2015
710,S├╝dlicher Petzner Ferner,2146,551.79831523633,9487.36055755615,2015
391,NN,3033,433.17618846020,9479.43549346924,2015
762,Raben Kees W,5102,589.92232912011,9389.96897125244,2015
569,Grubenkarle Ferner N,2157,464.13706590283,9314.66575622559,2015
906,NN,6026,376.53846924837,9285.35324859619,2015
1055,NN,5023,573.09302515475,9262.90383911133,2015
119,Im Gl├Âtter S,12016,501.03989458793,9175.33790969849,2015
520,Steiniglehn Ferner E,2089,651.51684612889,9066.81838989258,2015
612,Steinkar Kees E,5142,418.09441602450,9043.04186248779,2015
894,NN,6109,502.01323795741,9007.73105621338,2015
933,Plessnitz Kees un.,21016,373.01313447291,8957.81552124024,2015
150,NN,9019,434.57795431520,8912.91545104981,2015
949,K├Âlnbrein Kees,21024,590.77460309856,8894.51811218262,2015
108,Griesbachjoch Kees N1,9032,410.82505559547,8893.04522705078,2015
332,Triebenkarlas Ferner,2041,655.72929791148,8881.91281890869,2015
1025,NN,13061,598.60699861996,8864.32457733154,2015
971,Westlicher Tripp Kees,21007,431.00031666209,8848.78407287598,2015
201,NN,5111,444.11853291673,8842.50251007080,2015
85,Griesbachjoch Kees S,9030,519.47400946819,8810.64624786376,2015
273,Seespitz Ferner,3054,417.64998991623,8783.82695770264,2015
274,Seespitz Ferner,3054,438.31273555741,8747.60343933106,2015
98,NN,9070,512.28062200643,8720.27837371826,2015
1029,NN,13034,433.53083607178,8713.87807083130,2015
127,Schafkar Kees,9029,607.60494224302,8695.54398345947,2015
1051,NN,5016,574.30047720283,8682.55061340332,2015
132,Stampfl Kees W,9090,469.90227461677,8566.57028961182,2015
736,Paziel Gletscher W,18008,479.35151617820,8504.94662475585,2015
883,Schwerteck Kees W,4024,387.89012473732,8494.49420928955,2015
397,Grosser See Ferner,3038,379.14495670888,8463.14020538330,2015
454,Gl├Âdis Kees,6116,409.20788798858,8445.26755523682,2015
219,NN,5126,372.71267710528,8391.13168334960,2015
1134,N├Ârdlicher Say Ferner,2114,409.62431634636,8355.81869888306,2015
116,Dreiecker Kees,9021,379.15105004290,8285.42369079590,2015
19,NN,6072,436.23205966160,8246.31006622315,2015
800,Hochgruber Kees,5053,515.19852380919,8119.50343322754,2015
773,Raben Kees E,5100,846.68039123764,8119.42587280274,2015
25,NN,3010,488.67785910640,8074.40873718262,2015
842,NN,5065,417.18470968744,8040.79683685303,2015
1008,NN,9092,433.66183927883,8023.60718536377,2015
166,Habach Kees,5117,449.09143847437,7981.00341033936,2015
713,NN,2149,532.36857638801,7923.86415863037,2015
936,Plessnitz Kees,4042,430.90059602357,7832.11045837402,2015
876,Kellersberg Kees,4025,572.08867576488,7829.36582946777,2015
1126,Greinerkar Kees W,9081,513.26352796597,7784.81315612792,2015
1003,Kessler Kees E,5003,340.26813724064,7771.09930419922,2015
232,Dabernitz Kees W,6069,534.58716286117,7668.70345306397,2015
441,NN,4009,528.45634131389,7614.75697326660,2015
307,NN,2021,357.24161905362,7611.84497833252,2015
1040,NN,13060,344.32211447482,7611.83555221558,2015
267,NN,6050,470.73684107130,7608.98915100098,2015
79,NN,9053,352.79310893812,7573.90481567383,2015
809,Wielinger Kees,5066,542.14664543172,7512.06582641602,2015
978,NN,5011,376.75411473224,7499.11122131348,2015
381,Westlicher Gr├╝bl Ferner M,3026,640.41753937389,7482.63211822510,2015
270,Welitz Kees S,6033,386.35750930795,7467.30336761475,2015
464,Schober Kees W,6121,551.72555600954,7408.19511413574,2015
428,Klammer Kees,4006,575.24109282489,7392.78034210205,2015
90,NN,9038,467.09007187547,7387.28752899170,2015
53,NN,9018,484.92006471614,7369.72704315186,2015
950,K├Âlnbrein Kees,21024,597.91477717853,7336.17202758789,2015
951,Langkar Kees,21013,507.44096550572,7321.40167236328,2015
622,NN,2168,429.92310917116,7320.85713958740,2015
455,Gl├Âdis Kees,6116,509.51189909970,7231.19270324707,2015
852,Karlinger Kees,5073,480.03317851932,7184.64647674561,2015
790,Brennkogel Kees,5043,406.86722424669,7182.57537078857,2015
1100,NN,5017,710.97232758176,7175.68597412109,2015
69,Grosser Riepen Kees,9097,430.82154040887,7064.17510223389,2015
907,NN,6023,413.03123792863,6928.18867492676,2015
1099,NN,5017,467.94996751979,6879.39691925049,2015
966,Platten Gletscher,12025,347.16766446584,6840.83029174805,2015
758,Filleck Kees,5098,460.35616973585,6821.42323303223,2015
702,NN,2138,364.83108918476,6799.95022583008,2015
52,NN,9018,431.21001799943,6714.82888793945,2015
1095,Wurtenkees + Toteis,4038,321.17771702533,6702.63141632080,2015
570,N├Ârdlicher Puitkogel Ferner S,2159,333.05795767913,6696.18105316162,2015
417,Chalaus Ferner,13017,467.47645287378,6674.09697341919,2015
220,NN,5126,557.36534597412,6638.81616973877,2015
1056,NN,5022,435.73145994561,6615.69020843506,2015
199,NN,13004,358.17423602475,6529.45100784302,2015
323,Wildkar Ferner,2035,354.88704263197,6512.68350982666,2015
29,Seekar Kees S,5149,428.39285322407,6481.59554290772,2015
413,Knotenspitz Ferner W,3051,334.87585233254,6442.82509613037,2015
817,Eiser Kees,5074,397.20635274769,6428.21760559082,2015
1028,NN,13035,462.26206665915,6394.14504241943,2015
438,G├Âssnitz Kees,4011,307.35211012649,6340.76889801025,2015
49,Melkerscharten Kees,9067,342.13823213250,6317.82760620117,2015
1083,Kleiner Sonnblick Kees,5032,409.33994241910,6304.50121307373,2015
562,S├╝dlicher L├Âcher Ferner E,14028,356.17976351333,6255.12252044678,2015
154,NN,9013,472.58552780778,6251.65547180176,2015
1005,Kessler Kees E,5003,372.08329191737,6179.89073181152,2015
105,Federbett Kees,9106,362.77321658081,6132.72277832031,2015
712,Hangender Ferner,2148,352.60996512726,6072.32244873047,2015
197,NN,5122,314.41547520685,5999.21672058106,2015
1067,NN,5018,404.76445972783,5961.45224761963,2015
530,Schafkar Ferner,7016,467.61801841094,5843.84637451172,2015
86,Griesbachjoch Kees S,9030,296.85413849220,5826.10308837891,2015
1096,Wurtenkees + Toteis,4038,414.14654710420,5822.68932342529,2015
1146,Grabawand Ferner,3042,477.93725389343,5814.32007598877,2015
999,Muritz'n Kees M1,22004,348.04841960111,5792.41825866699,2015
934,Plessnitz Kees,4042,325.77189542210,5591.33969116211,2015
700,Taufkar Ferner,2137,364.56153661793,5583.96678161621,2015
173,Untersulzbach Kees,5123,410.07895973727,5466.64307403564,2015
549,S├╝dlicher L├Âcher Ferner ob.,14029,368.66860298909,5465.14331817627,2015
985,Muritz'n Kees M2,22005,496.10854942841,5437.12278747559,2015
846,Bockkar Kees,4029,315.85732921961,5322.98808288574,2015
975,NN,21010,330.90169925707,5288.15843200684,2015
386,Kleiner Gr├╝nau Ferner,3029,331.28149322371,5261.31374359131,2015
989,Muritz'n Kees M2,22005,484.91108935690,5227.14045715332,2015
993,Rotg├╝lden Kees,22001,335.80893717965,5139.09594726563,2015
620,Gallrutt Ferner,7001,304.46654487132,5114.13659667969,2015
559,NN,7034,433.40400197192,5056.23938751221,2015
117,Im Gl├Âtter S,12016,377.62931416943,5037.02725219727,2015
314,Vordere Schnapfenkuchl,13010,435.26768138208,5011.84143447875,2015
782,Backtr├Âger Kees,6097,571.71465626960,5010.81817626953,2015
364,Habicht Ferner,3017,290.39896571532,4973.84713745117,2015
209,NN,5110,306.67275287082,4967.49790954590,2015
810,Wielinger Kees,5066,309.77726844694,4912.59328460693,2015
765,Landeck Kees E2,5104,304.30829549717,4898.99650573731,2015
1046,Madlein Ferner,13029,325.95086615207,4874.47150421143,2015
872,NN,3009,533.29599809725,4853.38786315917,2015
1089,Sparaenger Kees W,5020,387.36128165512,4790.93621826172,2015
365,Gl├ñtte Ferner,3016,370.68473874459,4772.93182373047,2015
1038,Grosser K├╝chl Ferner E,13042,401.29935263895,4761.86348724365,2015
536,S├╝dlicher Brunnenkar Ferner,14012,572.92885775895,4722.92382049561,2015
152,NN,9011,326.36678195805,4692.47417449951,2015
606,Weisskar Ferner,2161,360.66838894449,4692.26858520508,2015
137,NN,9028,333.96716250912,4679.56420898438,2015
513,Hennesigl Ferner W,8004,387.29521505671,4630.69145202637,2015
1027,NN,13035,315.61725511917,4560.62345123291,2015
997,Muritz'n Kees M1,22004,257.50841905683,4534.78323364258,2015
974,NN,21010,365.01610326904,4507.62451171875,2015
87,Griesbachjoch Kees S,9030,266.18597507109,4506.53944396973,2015
634,Breitlehn Ferner,14001,335.06033572729,4477.77686309814,2015
1062,NN,5280,389.07541955891,4433.33121490479,2015
1004,Kessler Kees E,5003,324.43907481324,4428.13412475586,2015
763,Raben Kees ob.,5101,284.55848096604,4344.93418121338,2015
1053,NN,5023,397.63097546786,4281.20028686523,2015
1013,Grubenkar Kees,5013,290.49842609027,4246.26316833496,2015
353,Simming Ferner E,3012,338.00243933501,4195.99038696289,2015
11,NN,6061,278.08169644911,4159.96006011963,2015
449,Kalser Kees,6118,323.95169826866,4134.25323486328,2015
54,NN,9017,291.02935030919,4126.11913299561,2015
1076,Wei├ƒenbachkees,5040,297.46579931953,4094.65201568604,2015
577,Seebach Ferner,14040,343.07713526875,4087.76817321777,2015
12,NN,6061,372.97409952365,4038.76670074463,2015
931,Plessnitz Kees,4042,263.33852089798,4027.12538146973,2015
791,Brennkogel Kees,5043,293.50462395994,3906.56088256836,2015
564,Glockhaus Ferner,7035,276.16400349660,3898.76328659058,2015
16,Wilden Kees,6070,305.85911851655,3866.73192596436,2015
988,Muritz'n Kees W,22006,355.97025727940,3831.67810058594,2015
550,S├╝dlicher L├Âcher Ferner ob.,14029,326.91415381137,3822.62913513184,2015
1098,,4038,245.26662823950,3726.96527862549,2015
990,Muritz'n Kees W,22006,272.42512217619,3687.15068054199,2015
772,Raben Kees E,5100,301.35894027028,3620.32722473145,2015
208,NN,5109,263.68220610963,3615.31600952148,2015
617,Pi├Âsmes Ferner,14044,250.03776409764,3589.88137817383,2015
635,Kessel Kees,5148,287.01960906975,3589.74684906006,2015
432,Horn Kees,4010,299.60439790837,3570.17729949951,2015
235,NN,6076,291.09296895468,3543.73172760010,2015
427,Bieltal Ferner E,13027,237.11357170984,3535.03767776489,2015
829,Hirzbach Kees ob.,5061,244.79699741715,3491.54293823242,2015
820,Fuscherkar Kees,5050,224.99312539257,3354.11463928223,2015
541,S├╝dlicher Platzer Ferner W,16004,287.10369687169,3347.33271408081,2015
567,Gschrapp Ferner,2155,440.75426758207,3346.35503387451,2015
1043,Kaltenberg Ferner,13062,264.68694652378,3313.76141738892,2015
355,Simming Ferner M,3013,253.05541410163,3304.93097686768,2015
514,Hennesigl Ferner W,8004,312.47763177429,3277.19115066528,2015
20,NN,6072,264.83424523388,3227.61666870117,2015
1123,Unterschrammach Kees,9095,296.07869456793,3192.54711914063,2015
153,NN,9012,302.09285281466,3151.33232116699,2015
1001,Muritz'n Kees M1,22004,259.13692811148,3130.52536010742,2015
32,NN,6022,313.53528522228,3080.12911224365,2015
792,Brennkogel Kees,5043,281.42253338458,3073.27614593506,2015
120,NN,9108,320.76795544478,3058.56594085693,2015
433,Horn Kees,4010,279.22003854632,3022.57070159912,2015
1118,Breitenkar Kees,9082,209.77498827535,2952.09983062744,2015
987,Muritz'n Kees M2,22005,227.98477169944,2865.49072265625,2015
794,NN,5042,200.03630542336,2833.02313995361,2015
996,Muritz'n Kees M1,22004,269.52378083328,2716.55146789551,2015
305,Unterer Augsten Ferner,13015,211.38556526760,2432.38327407837,2015
908,NN,6023,192.70090084940,2417.62375640869,2015
828,Hirzbach Kees ob.,5061,177.40731235979,2353.51040649414,2015
467,Visnitz Ferner,13003,241.81352003863,2342.51910400391,2015
943,NN,9077,197.39562400222,2326.40802001953,2015
734,├Âstlicher Hinterer ├ûlgruben Ferner,14017,252.68332883632,2307.56935119629,2015
462,Schober Kees W,6121,210.04453375059,2297.74395751953,2015
469,NN,13001,275.33721073625,2293.77794647217,2015
468,Visnitz Ferner,13003,223.26700361296,2193.51145172119,2015
981,Muritz'n Kees E,22003,229.44788822586,2186.04010009766,2015
516,Krummgampen Ferner S,7028,198.80934506458,2175.01010513306,2015
761,Raben Kees ob.,5101,188.59650120942,2174.44892120361,2015
706,Mittlerer Weisskar Ferner,2141,217.34251937895,2155.63504791260,2015
735,Schindler Gletscher,18006,237.03481624488,2121.91944885254,2015
793,NN,5042,193.84340621833,2114.79069519043,2015
998,Muritz'n Kees M1,22004,185.91181905523,2031.67091369629,2015
625,NN,2171,296.98272571383,2024.41513061523,2015
554,Rotschliff Ferner,14025,222.31158562255,1884.15654754639,2015
1000,Muritz'n Kees M1,22004,258.26143216670,1784.76763916016,2015
806,Walcher Kees,5058,157.90481421669,1742.54131317139,2015
807,Walcher Kees,5058,160.41989822853,1642.70084381104,2015
1034,Mittlerer Eisentaler Gletscher,12003,265.27500825311,1624.02822113037,2015
545,S├╝dlicher Platzer Ferner E,16003,185.31810445673,1622.85643386841,2015
551,NN,16005,189.26554930269,1580.45611190796,2015
630,Hennesigl Ferner E,8033,179.58727878767,1535.93663406372,2015
798,NN,5048,185.45562919746,1488.31678771973,2015
1101,NN,5017,241.89638673415,1440.55422210693,2015
7,N├Ârdliches Leiterkeesl,5119,238.23328086093,1362.77385711670,2015
18,NN,6072,187.25252201194,1289.50689697266,2015
986,Muritz'n Kees M2,22005,127.97924053482,1098.36270141602,2015
597,Fallende Bach Ferner M,15002,166.77907533223,1098.30817413330,2015
1068,NN,5018,157.43838462231,1097.22057342529,2015
1069,NN,5018,125.23282727616,988.22380828857,2015
1102,NN,5016,117.36872582760,927.05551147461,2015
535,NN,7031,123.80103104654,872.06187820435,2015
30,NN,5151,188.41624131200,780.40400695801,2015
6,N├Ârdliches Leiterkeesl,5119,123.52117393156,702.70520782471,2015
5,N├Ârdliches Leiterkeesl,5119,118.62490936831,502.36968231201,2015
