Distance (m),26-Aug-00,05-Aug-02,08-Sep-12,01-Mar-14,01-May-16
0,899.66,900.6,899.51,900.54,900.54
2.19,897.27,898.59,897.26,898.81,898.81
4.38,894.97,896.48,894.72,897.09,897.09
6.57,892.76,894.23,892.19,895.33,895.33
8.76,890.49,891.81,889.92,893.42,893.42
10.95,888.18,889.23,887.94,891.22,891.22
13.14,886,886.52,886.14,888.61,888.61
15.33,883.82,884.06,884.43,885.54,885.54
17.52,881.41,881.33,882.71,883.47,883.47
19.71,879.06,878.63,880.89,879.95,879.95
21.9,876.33,875.98,878.76,876.39,869.62
24.09,873.37,873.4,876.19,872.75,868.13
26.28,870.01,870.89,873.23,868.93,866.29
28.47,866.35,868.44,870.2,864.97,865.09
30.66,862.83,866.06,867.46,860.94,863.19
32.85,860.04,863.72,865.1,856.9,861.64
35.04,858.33,861.39,863.22,852.9,859.08
37.23,857.15,859.06,861.11,849.54,857.03
39.42,855.52,856.69,858.96,845.78,854.46
41.61,853.11,854.29,856.72,842.45,852.73
43.8,850.32,851.85,854.46,839.59,850.04
45.99,847.53,849.38,852.18,837.15,847.36
48.18,845.03,846.89,849.8,835.03,845.21
50.38,843.08,844.41,847.14,833.08,843.24
52.57,841.38,842.34,844.12,831.26,841.12
54.76,839.34,839.9,841,829.6,838.77
56.95,837.62,837.5,838.14,828.1,836.07
59.14,835.21,835.15,835.72,826.66,833.19
61.33,832.99,833.81,833.66,825.13,830.12
63.52,830.69,831.54,831.82,823.3,828.26
65.71,827.9,829.31,830.06,820.91,825.61
67.9,824.54,827.13,828.25,817.83,823.56
70.09,821.16,824.98,827.37,814.1,821.63
72.28,818.54,822.87,825.19,811.31,819.96
74.47,816.85,820.76,822.55,807.19,817.59
76.66,815.5,818.62,819.49,803.5,815.33
78.85,814.13,816.38,816.37,800.42,812.29
81.04,813.2,813.97,813.55,797.86,809.27
83.23,811.66,811.36,811.12,795.56,806.41
85.42,809.83,808.57,808.99,793.35,803.92
87.61,807.75,806.24,807,791.14,801.13
89.8,805.46,803.44,805.04,789,798.76
91.99,803.09,800.79,803.09,786.96,795.65
94.18,801.39,798.41,801.12,785.03,792.82
96.37,799.38,796.35,799.12,783.18,789.46
98.56,797.65,794.57,796.98,781.38,786.65
100.75,796.11,793.03,794.63,779.59,784
102.94,794.67,791.67,792.13,777.75,781.6
105.13,793.3,790.42,789.73,775.82,779.61
107.32,792.02,789.25,788.3,773.87,777.25
109.51,790.76,788.14,786.45,772.4,774.82
111.7,789.47,787.08,784.91,770.81,771.32
113.89,788.24,786.08,783.63,769.51,767.54
116.08,787.13,785.12,782.59,768.36,764.43
118.27,786.18,784.2,781.73,767.24,761.21
120.46,785.23,783.31,780.9,766.59,759.37
122.65,784.1,782.44,779.93,765.29,756.77
124.84,782.8,781.93,778.77,763.74,753.67
127.03,781.55,781.04,777.45,761.86,750.54
129.22,780.95,780.13,776.11,759.66,748.4
131.41,779.8,779.2,774.93,757.16,744.89
133.6,778.64,778.25,773.96,754.37,742.34
135.79,777.63,777.3,773.11,751.43,738.78
137.98,776.88,776.38,772.25,748.63,735.58
140.17,776.36,775.49,771.31,746.09,731.64
142.36,775.91,774.66,770.32,743.78,728.24
144.55,775.47,773.9,769.77,742.12,724.57
146.74,775.24,773.21,768.76,739.72,720.97
148.94,775.31,772.59,767.76,737.11,716.67
151.13,775.41,772.01,766.77,734.35,713.69
153.32,775.24,771.45,765.79,731.62,708.93
155.51,774.93,770.85,764.8,729.11,704.65
157.7,774.57,770.18,763.8,726.87,702.12
159.89,774.15,769.86,762.82,724.89,700.18
162.08,773.78,769.01,761.92,723.18,698.57
164.27,773.19,768.31,761.14,721.75,698.23
166.46,772.77,767.33,760.49,720.59,698.82
168.65,770.71,766.29,759.82,719.6,698.32
170.84,768.49,765.22,759.21,718.66,697.5
173.03,766.62,764.14,758.13,717.72,695.79
175.22,765.15,763.03,756.7,716.75,695.04
177.41,764,761.88,754.98,715.73,693.68
179.6,763.04,760.68,753.89,714.73,693.11
181.79,762.23,759.41,752.14,714.46,692.83
183.98,761.09,758.06,750.6,713.57,691.91
186.17,759.75,756.62,749.17,712.66,691.19
188.36,758.28,755.08,747.68,711.65,690.56
190.55,756.67,753.47,746.09,710.52,689.27
192.74,754.92,751.79,744.42,709.23,687.26
194.93,753.23,750.05,742.71,707.79,684.5
197.12,751.8,749.14,740.98,706.2,683.07
199.31,750.52,747.34,739.21,704.47,681.79
201.5,750.06,745.53,737.42,702.64,680.78
203.69,748.65,743.69,735.61,700.72,679.28
205.88,747.09,741.84,733.82,698.71,676.99
208.07,745.6,739.97,732.05,696.7,675.42
210.26,744.4,738.07,730.37,694.82,673.13
212.45,743.34,736.13,728.85,693.1,671.24
214.64,741.83,734.13,727.55,691.5,669.2
216.83,739.46,732.07,726.9,689.93,667.16
219.02,736.42,729.95,725.78,688.83,665.67
221.21,733.34,727.81,724.45,687.67,664.35
223.4,730.69,725.67,722.77,685.8,661.86
225.59,728.4,723.58,720.77,683.82,659.79
227.78,726.26,721.56,718.63,681.8,658.09
229.97,724.12,719.6,716.67,679.8,656.64
232.16,722.07,717.68,715.07,677.83,655
234.35,720.32,716.75,713.72,675.84,652.8
236.54,718.87,714.82,712.33,673.72,650.61
238.73,718.56,712.84,710.79,671.42,648.01
240.92,717.03,710.8,709.12,669.02,645.63
243.11,714.92,708.71,707.42,666.79,643.59
245.31,712.24,706.58,705.75,664.94,641.92
247.5,709.55,704.44,704.16,663.39,640.5
249.69,707.04,702.33,702.61,661.92,636.74
251.88,704.67,700.26,701.95,660.28,634.4
254.07,702.7,698.24,700.15,658.86,632.66
256.26,701.31,696.27,698.05,656.67,630.47
258.45,700.04,694.33,695.7,654.1,627.55
260.64,698.31,692.39,693.3,651.26,625.25
262.83,695.82,690.41,691.08,648.48,623.43
265.02,692.57,688.85,689.13,646.18,621.21
267.21,689.01,686.73,687.28,644.51,619.28
269.4,685.89,685.64,685.18,643.1,617.29
271.59,683.26,683.31,683.4,641.41,614.7
273.78,680.8,680.88,680.33,639.24,612.74
275.97,678.52,678.38,676.7,636.78,610.79
278.16,676.47,675.86,672.82,634.27,609.14
280.35,674.69,673.36,669.19,631.93,606.44
282.54,673.08,670.9,666.2,629.9,604.49
284.73,672.25,668.48,663.89,628.14,602.7
286.92,670.54,666.05,661.93,626.5,601.65
289.11,668.63,663.58,660.65,624.88,600.58
291.3,666.54,661.07,658.51,624.23,599.82
293.49,664.44,658.52,656.13,622.53,598.5
295.68,662.33,655.97,653.56,620.7,597.02
297.87,659.8,653.47,650.86,618.77,595.05
300.06,656.56,651.09,648.07,616.74,592.44
302.25,653.09,648.86,645.24,614.66,590.46
304.44,650.35,646.79,642.47,612.56,589.29
306.63,648.79,645.36,639.83,610.42,587.74
308.82,647.66,643.5,637.39,608.27,586.4
311.01,646.29,641.75,635.24,606.34,584.83
313.2,644.22,640.07,633.44,604.86,583.83
315.39,641.91,638.46,631.91,603.69,582.6
317.58,639.85,636.91,630.43,602.47,581.81
319.77,638.17,635.39,628.7,601.06,580.9
321.96,636.61,633.9,626.5,599.74,579.98
324.15,634.74,632.42,623.77,598.09,578.61
326.34,632.6,630.93,621.8,597.33,578.37
328.53,630.59,629.44,618.55,595.46,577.45
330.72,629.02,627.92,615.52,593.52,576.74
332.91,627.92,626.37,613,591.51,575.12
335.1,627.12,624.78,610.96,589.5,573.83
337.29,626.21,623.14,609.12,587.63,572.51
339.48,624.8,621.45,607.19,586.01,571.89
341.67,622.98,620.18,605.07,584.66,571.21
343.87,621.18,618.46,602.79,583.49,570.67
346.06,619.68,616.74,600.35,582.27,569.35
348.25,618.82,615.04,597.78,580.82,567.79
350.44,617.43,613.38,595.15,578.94,565.18
352.63,615.84,611.76,592.58,576.56,562.15
354.82,614.06,610.15,590.2,573.83,558.89
357.01,612.21,608.57,588.02,571,556.44
359.2,610.41,606.99,586.02,568.31,554.52
361.39,608.8,605.43,584.6,565.89,552.52
363.58,607.47,603.89,582.89,564.54,551.56
365.77,606.46,602.86,581.29,562.49,549.86
367.96,605.59,601.35,579.64,560.51,548.33
370.15,604.51,599.86,577.8,558.59,546.16
372.34,603.1,598.4,576.48,556.76,544.27
374.53,601.42,596.97,574.09,554.98,542.4
376.72,599.52,595.55,571.5,553.21,541.06
378.91,597.51,594.6,569.01,551.43,539.37
381.1,595.73,593.18,566.93,549.61,537.68
383.29,594.85,591.74,565.36,547.72,536.09
385.48,593.96,590.28,564.11,545.69,532.72
387.67,592.67,588.82,562.94,543.6,529.92
389.86,591.2,587.35,561.66,541.51,526.99
392.05,589.76,585.89,560.24,539.45,525.18
394.24,588.54,584.46,558.69,537.43,523.02
396.43,587.49,583.07,557,535.46,521.26
398.62,586.48,581.72,555.8,533.54,519.74
400.81,585.5,580.4,553.98,532.02,518.37
403,584.69,579.12,552.2,530.23,516.16
405.19,584.05,577.87,550.52,528.52,514.53
407.38,583.49,576.66,548.96,526.9,512.54
409.57,582.94,575.5,547.48,525.34,509.59
411.76,582.39,574.39,546.09,523.79,507.19
413.95,581.83,573.35,544.78,522.21,505.08
416.14,581.22,572.73,543.59,520.59,502.17
418.33,580.52,571.82,542.48,518.91,500.46
420.52,579.93,570.97,541.3,517.18,498.79
422.71,579.22,570.19,539.91,516.14,497.74
424.9,578.75,569.47,538.27,514.46,496.35
427.09,578.56,568.8,536.54,512.88,494.93
429.28,578.48,568.18,534.97,511.32,493.22
431.47,578.26,567.6,533.7,509.69,491.1
433.66,577.86,567.06,532.88,508,488.92
435.85,577.26,566.54,531.98,506.59,487.04
438.04,576.37,566.04,531.14,504.84,484.62
440.23,575.3,565.53,530.28,503.17,482.61
442.43,574.24,564.99,529.4,501.61,480.23
444.62,573.23,564.41,528.47,500.07,478.24
446.81,572.15,563.76,527.49,498.48,475.91
449,570.92,563.03,526.48,496.79,473.31
451.19,569.51,562.59,525.51,495.01,469.52
453.38,567.97,561.75,524.64,493.17,466.37
455.57,566.45,560.84,523.86,491.24,464.75
457.76,565.61,559.87,523.16,489.21,462.14
459.95,564.51,558.86,522.52,487.06,458.04
462.14,563.72,557.82,521.93,484.9,454.53
464.33,563.18,556.76,521.41,482.8,452.16
466.52,562.85,555.95,520.95,480.84,449.71
468.71,562.55,554.87,520.51,479.07,446.25
470.9,562.03,553.82,520.19,477.51,444.21
473.09,561.41,552.82,519.64,476.75,444.8
475.28,560.91,551.87,519.19,475.69,444.74
477.47,560.58,551.01,518.53,474.86,444.83
479.66,560.52,550.22,517.92,474.13,444.11
481.85,560.87,549.51,517.43,473.42,443.59
484.04,561.24,548.87,517.04,472.72,443.44
486.23,560.96,548.29,516.67,472.02,441.92
488.42,559.74,548.19,516.26,471.29,441.02
490.61,557.5,547.66,515.8,470.53,440.2
492.8,556.15,547.15,515.31,469.74,438.97
494.99,554.14,546.64,514.83,468.9,437.38
497.18,552.59,546.12,514.33,467.96,435.6
499.37,551.2,545.58,513.77,466.91,434.29
501.56,549.7,545.01,513.09,465.8,432.95
503.75,548.24,544.38,512.31,464.69,431.01
505.94,547.03,543.66,511.52,463.6,429.71
508.13,545.8,542.79,510.97,462.91,429.21
510.32,544.3,541.73,510.22,461.83,428.06
512.51,542.67,540.45,509.52,460.77,427.22
514.7,541.18,538.92,508.84,459.79,425.93
516.89,539.92,537.17,508.17,458.89,424.48
519.08,538.81,535.24,507.44,458.04,423.02
521.27,537.68,533.2,506.53,457.21,421.67
523.46,536.47,531.56,505.39,456.3,420.14
525.65,535.24,529.45,504.11,455.62,419.54
527.84,533.98,527.41,502.86,454.52,418.01
530.03,533.13,525.47,501.78,453.29,416.38
532.22,531.88,523.7,500.89,451.96,415.18
534.41,530.64,522.15,500.1,450.59,413.88
536.6,529.44,520.85,499.34,449.25,412.26
538.79,528.37,519.79,498.58,447.92,410.74
540.99,527.36,518.96,497.79,446.57,409
543.18,526.31,518.32,496.99,445.18,407.32
545.37,525.31,517.85,496.06,444.04,405.78
547.56,524.63,517.51,494.91,442.6,403.96
549.75,524.45,517.27,493.44,441.2,402.16
551.94,524.49,517.11,491.7,439.85,400.76
554.13,524.33,516.97,489.87,438.56,399.39
556.32,523.64,516.76,488.18,437.23,397.85
558.51,522.45,516.41,486.72,435.84,396.37
560.7,521.01,516.05,485.43,434.41,394.62
562.89,519.5,515.29,484.25,432.98,392.76
565.08,517.99,514.28,483.13,431.56,391.31
567.27,516.32,513.06,482.02,430.16,389.73
569.46,514.75,512.23,480.85,428.77,387.99
571.65,513.32,510.85,479.59,427.38,386.76
573.84,511.88,509.42,478.31,426,385.27
576.03,510.26,507.98,477.57,424.64,383.24
578.22,508.47,506.53,476.58,423.3,381.47
580.41,506.78,505.05,476.06,422,379.02
582.6,505.41,503.54,475.58,420.83,377.73
584.79,504.13,502.02,475.27,419.54,375.96
586.98,503.28,500.5,475.03,418.24,373.88
589.17,501.49,499,474.81,416.95,372.14
591.36,499.62,497.49,474.61,415.7,370.43
593.55,498.09,495.97,474.43,414.52,368.5
595.74,496.94,494.42,474.27,413.46,367.02
597.93,495.48,493.03,474.11,412.52,365.47
600.12,492.88,491.52,473.87,411.66,363.68
602.31,490.15,490.05,473.52,410.84,361.23
604.5,486.88,488.62,473,410.05,359.39
606.69,484.37,487.2,472.33,409.34,356.69
608.88,482.62,485.72,471.53,408.72,354.65
611.07,481.21,484.11,470.64,408.22,353.19
613.26,479.71,482.29,469.71,407.78,351.86
615.45,477.92,480.23,468.84,407.26,350.29
617.64,475.82,477.95,467.75,406.75,349.98
619.83,473.41,475.49,466.47,405.91,348.46
622.02,470.94,472.9,464.89,404.89,346.97
624.21,468.82,470.28,463.07,403.78,345.37
626.4,467.1,467.69,461.21,403.04,344.17
628.59,465.47,465.21,459.53,401.86,342.98
630.78,463.7,462.89,458.12,400.57,341.53
632.97,461.82,461.12,456.94,399.07,339.96
635.16,460.13,459.14,455.94,397.33,338.39
637.36,458.93,457.35,455.08,395.45,337
639.55,457.75,455.71,454.34,393.52,334.81
641.74,456.54,454.18,453.65,391.6,333.55
643.93,455.15,452.72,452.89,389.75,331.79
646.12,453.57,451.32,451.9,388.06,330.72
648.31,452.06,449.96,450.52,386.7,329.06
650.5,450.95,448.66,448.81,385.78,327.76
652.69,450.33,447.43,447.12,385.18,325.95
654.88,450.07,446.31,445.35,384.72,325.22
657.07,449.91,445.31,443.83,384.3,323.94
659.26,449.62,444.46,442.47,383.74,322.32
661.45,449.18,443.79,441.15,382.92,321.34
663.64,448.79,443.3,439.78,381.82,319.85
665.83,448.61,443.01,438.28,380.48,318.94
668.02,448.8,442.92,436.57,378.99,318.09
670.21,449.24,442.84,434.55,377.46,316.63
672.4,449.5,442.99,432.2,375.93,314.56
674.59,449.04,443.26,429.72,374.33,313.43
676.78,448.42,443.59,428.35,372.65,311.83
678.97,447.48,443.89,426.3,370.94,311.41
681.16,446.45,444.06,424.61,369.3,310.47
683.35,445.44,444.03,423.16,367.78,309.76
685.54,444.37,443.75,421.86,366.37,308.39
687.73,443.19,443.19,420.63,365.03,306.89
689.92,442.44,442.35,419.51,364,306.13
692.11,441.13,441.25,418.48,362.63,304.7
694.3,439.69,439.93,417.47,361.25,303.67
696.49,438.23,438.44,416.42,359.86,302.63
698.68,436.88,436.81,415.27,358.5,300.97
700.87,435.66,435.08,414.09,357.19,299.94
703.06,434.46,433.29,413.1,355.96,298.24
705.25,433.15,431.8,412.46,354.77,296.87
707.44,431.59,429.95,412.17,353.62,295.71
709.63,429.62,428.11,412.11,352.49,294.17
711.82,427.79,426.32,412.16,351.39,293.22
714.01,425.48,424.62,412.26,350.34,291.69
716.2,423.52,423.03,412.44,349.33,291.11
718.39,421.9,421.54,412.83,348.41,289.99
720.58,420.44,420.16,413.51,347.58,288.88
722.77,419.02,418.84,414.41,346.83,287.51
724.96,417.53,417.53,414.88,346.19,286.83
727.15,415.86,416.22,415.74,345.9,286.12
729.34,414.11,414.88,416.36,345.54,284.98
731.53,412.39,413.5,416.69,345.44,283.57
733.72,410.64,412.09,416.75,345.6,282.27
735.92,408.91,410.65,416.61,345.9,281
738.11,407.39,409.2,416.33,346.15,279.8
740.3,406.02,407.76,415.93,346.21,278.46
742.49,404.6,406.64,415.34,346.02,277.1
744.68,403.1,405.22,414.47,345.67,275.19
746.87,401.87,403.81,413.26,345.24,273.79
749.06,400.56,402.4,411.77,344.79,272.39
751.25,399.38,400.99,410.17,344.25,270.41
753.44,398.2,399.57,408.68,343.57,268.6
755.63,396.89,398.13,407.36,342.68,268
757.82,395.54,396.67,406.21,341.6,267
760.01,394.36,395.19,405.15,340.34,265.17
762.2,393.36,393.7,404.28,338.97,264.5
764.39,392.28,392.22,403.29,337.75,263.16
766.58,390.96,390.77,402.21,336.33,262.18
768.77,389.51,389.37,400.92,334.97,261.16
770.96,388.12,388.58,399.34,333.72,260.51
773.15,386.81,387.28,397.56,332.58,259.73
775.34,385.57,386.04,395.81,331.51,258.76
777.53,384.43,384.86,394.84,330.47,257.74
779.72,383.36,383.92,393.48,329.39,256.43
781.91,382.23,382.82,392.31,328.27,255.05
784.1,381.32,381.75,391.25,327.11,253.74
786.29,380.27,380.74,390.23,325.96,252.18
788.48,379.39,379.79,389.18,324.8,251.44
790.67,379.03,378.97,388.06,323.63,250.1
792.86,379.05,378.33,386.86,322.44,248.76
795.05,380.11,377.94,385.53,321.23,247.55
797.24,381.91,377.83,384.36,319.98,246.32
799.43,383.71,378.01,382.77,318.84,245.35
801.62,384.97,378.43,381.13,317.56,244.06
803.81,385.58,379.01,379.58,316.32,243.1
806,385.66,379.67,378.2,315.1,242.08
808.19,385.47,380.33,376.95,313.89,240.89
810.38,385.23,380.92,375.78,312.65,239.54
812.57,385.03,381.41,374.67,311.36,237.96
814.76,384.91,381.48,373.62,310.09,236.82
816.95,384.87,381.74,372.6,308.86,235.87
819.14,384.63,381.86,371.56,307.7,234.7
821.33,384.44,381.85,370.39,306.55,233.74
823.52,383.98,381.72,369.01,305.43,232.95
825.71,383.25,381.5,367.49,304.36,232.4
827.9,382.37,381.2,366.01,303.79,232.1
830.09,381.47,380.85,364.78,302.82,231.34
832.28,380.66,380.46,363.82,301.91,230.02
834.48,379.87,380.02,363.11,301.08,228.45
836.67,379.04,379.53,362.51,300.32,227.65
838.86,378.2,378.98,362.07,299.51,226.97
841.05,377.37,378.38,361.81,298.62,225.81
843.24,376.55,377.71,361.74,297.63,224.95
845.43,375.66,376.98,361.92,296.57,223.91
847.62,374.61,376.18,362.36,295.56,223.16
849.81,373.37,375.34,363.02,294.64,222.29
852,372.03,374.47,363.85,293.82,221.5
854.19,370.67,373.56,364.72,293.1,220.47
856.38,369.45,372.63,365.56,292.51,219.25
858.57,368.34,371.68,366.31,292.08,218.02
860.76,367.32,370.7,366.93,291.91,217.39
862.95,366.23,369.7,367.39,292.03,216.9
865.14,365.02,368.67,367.67,292.42,216.22
867.33,363.8,367.59,367.82,292.93,215.48
869.52,362.75,366.47,367.76,293.4,214.68
871.71,361.88,365.91,367.76,293.49,214.11
873.9,361.02,364.73,367.74,293.74,213.61
876.09,360.04,363.51,367.68,293.87,212.73
878.28,359.01,362.27,367.58,293.84,211.82
880.47,358.07,361.02,367.58,293.61,210.99
882.66,357.21,359.77,367.41,293.17,209.78
884.85,356.31,358.54,367.24,292.56,208.66
887.04,355.28,357.38,367.1,291.87,207.49
889.23,354.19,356.25,367,291.21,206.86
891.42,353.66,355.17,366.87,290.63,205.44
893.61,352.63,354.15,366.62,290.15,204.45
895.8,351.55,353.17,366.13,289.77,203.16
897.99,350.41,352.23,365.42,289.48,202.3
900.18,349.34,351.29,364.59,289.29,202.15
902.37,348.41,350.35,363.78,289.18,201.87
904.56,347.6,349.4,363.05,289.09,202.14
906.75,346.79,348.44,362.22,288.96,201.87
908.94,345.86,347.47,361.49,288.61,201.24
911.13,344.79,346.5,360.71,288.21,201.37
913.32,343.69,345.51,359.86,287.67,200.71
915.51,342.68,344.51,358.93,287.04,200.28
917.7,341.7,343.5,357.92,286.35,199.54
919.89,340.65,342.48,356.77,285.63,199.44
922.08,339.57,341.46,355.45,284.87,199.67
924.27,338.56,340.6,353.95,284.09,199.72
926.46,337.66,339.61,352.42,283.28,199.27
928.65,337.11,338.63,351.02,282.42,199.04
930.84,336.38,337.67,349.82,281.91,198.85
933.04,335.61,336.69,348.78,281,198.56
935.23,334.66,335.71,347.79,280.09,198.16
937.42,333.45,334.7,346.79,279.19,197.51
939.61,332.03,333.66,345.7,278.3,196.96
941.8,330.62,332.62,344.44,277.38,196.11
943.99,329.44,331.56,343.25,276.59,195.37
946.18,328.46,330.51,341.59,275.59,193.87
948.37,327.54,329.46,339.77,274.54,193.61
950.56,326.53,328.42,338.02,273.44,193.46
952.75,325.3,327.38,336.45,272.35,193.41
954.94,323.87,326.33,335.01,271.33,192.88
957.13,322.41,325.27,333.57,270.37,192.6
959.32,321.01,324.2,332.1,269.49,192.37
961.51,319.63,323.42,330.64,268.64,192.02
963.7,318.27,322.3,329.24,267.77,191.7
965.89,317.38,321.17,327.89,266.82,191.83
968.08,316.05,320.01,326.43,265.8,191.49
970.27,314.81,318.83,324.64,264.77,191.59
972.46,313.7,317.62,322.46,263.72,191.31
974.65,312.62,316.83,320.09,262.65,191.14
976.84,311.35,315.57,317.89,261.56,191.05
979.03,309.75,314.27,316.61,260.42,190.08
981.22,307.97,312.93,315.57,259.33,189.28
983.41,306.25,311.55,314.21,257.94,189.15
985.6,304.65,310.14,312.91,256.47,190.02
987.79,303.24,308.7,311.49,255.05,190.29
989.98,302.03,307.24,309.89,253.77,190.04
992.17,300.87,305.75,308.07,252.66,189.85
994.36,300,304.22,306.02,251.63,189.35
996.55,298.51,302.99,303.82,250.59,189.04
998.74,296.89,301.39,301.67,249.51,188.61
1000.93,295.74,299.75,299.81,248.43,187.91
1003.12,293.88,298.09,298.21,247.3,186.93
1005.31,292.07,296.39,296.71,246.09,185.5
1007.5,290.56,294.66,295.19,244.75,184.55
1009.69,289.27,292.9,293.67,243.32,184.57
1011.88,287.88,291.14,292.24,241.88,183.81
1014.07,286.16,289.37,290.94,240.53,183.42
1016.26,284.06,287.61,290.07,239.34,182.71
1018.45,281.68,285.86,288.72,238.62,182.44
1020.64,279.25,284.12,287.04,237.71,182.36
1022.83,277.04,282.37,284.96,236.84,182.24
1025.02,275.21,280.59,282.73,235.93,181.56
1027.21,273.62,278.79,280.7,234.92,181.31
1029.41,272,276.95,279.14,233.82,180.55
1031.6,270.22,275.1,277.98,233.06,180.42
1033.79,268.36,273.75,277.02,231.87,179.73
1035.98,266.36,271.93,276.03,230.67,179.33
1038.17,264.72,270.16,274.94,229.51,178.41
1040.36,262.77,268.42,273.72,228.42,177.89
1042.55,261.35,266.74,272.4,227.39,177.98
1044.74,260.28,265.1,271.01,226.41,178.22
1046.93,259.26,263.48,269.65,225.47,178.35
1049.12,258.1,261.89,268.47,224.56,178.24
1051.31,256.7,260.33,267.84,223.68,177.54
1053.5,255.17,258.81,266.88,223,177.12
1055.69,253.83,257.33,265.92,222.09,176.03
1057.88,252.85,255.9,264.91,221.13,175.77
1060.07,252.12,254.52,263.91,220.11,175.82
1062.26,251.37,253.19,263,219.07,175.49
1064.45,250.35,251.91,262.19,218.04,175.48
1066.64,248.99,250.67,261.42,217.05,175.24
1068.83,247.45,249.87,260.55,216.12,174.52
1071.02,246.01,248.69,259.49,215.22,174.12
1073.21,244.68,247.5,258.31,214.32,173.95
1075.4,243.84,246.68,257.18,213.4,173.43
1077.59,242.45,245.46,256.24,212.48,172.99
1079.78,241.24,244.22,255.47,211.58,172.76
1081.97,240.23,242.97,255.06,210.69,172.68
1084.16,239.32,241.72,254.39,209.8,172.09
1086.35,238.4,240.46,253.64,208.9,171.47
1088.54,237.37,239.2,252.99,207.99,171.09
1090.73,236.25,237.93,252.06,207.27,170.69
1092.92,234.95,236.64,250.98,206.33,170.28
1095.11,234.15,235.33,249.77,205.39,170.09
1097.3,232.8,234.02,248.52,204.48,169.85
1099.49,231.71,232.73,247.37,203.62,169.6
1101.68,230.69,231.46,246.39,202.8,169.45
1103.87,229.49,230.24,245.54,201.98,169.31
1106.06,227.99,229.41,244.73,201.18,169.49
1108.25,226.22,228.3,243.92,200.4,169.49
1110.44,224.72,227.26,243.12,199.66,169.45
1112.63,223.16,226.25,242.35,198.98,169.2
1114.82,222.12,225.26,241.57,198.36,169.13
1117.01,221.44,224.26,240.69,197.76,168.99
1119.2,220.83,223.25,239.6,197.17,168.78
1121.39,220.08,222.21,238.25,196.59,168.47
1123.58,219.14,221.14,236.77,196.06,168.36
1125.77,218.04,220.06,235.72,195.66,168.14
1127.97,216.86,218.99,234.33,195.25,167.8
1130.16,215.69,217.93,233.13,194.88,167.54
1132.35,214.61,216.89,232.07,194.68,167.35
1134.54,213.63,215.88,231.09,194.38,167.17
1136.73,212.77,214.86,230.06,194.11,166.86
1138.92,211.95,213.81,228.88,193.9,166.69
1141.11,211.08,213.02,227.48,193.73,166.52
1143.3,210.1,211.88,225.88,193.58,166.3
1145.49,209.09,210.69,224.21,193.42,166.17
1147.68,208.21,209.47,222.66,193.24,165.92
1149.87,207.38,208.24,221.39,193.03,165.76
1152.06,206.58,207.05,220.35,192.81,165.46
1154.25,205.72,205.91,219.42,192.63,165.19
1156.44,204.81,204.82,218.54,192.48,165.23
1158.63,203.89,203.8,217.7,192.37,165.12
1160.82,202.98,202.83,217.12,192.25,164.87
1163.01,202.15,201.88,216.41,192.1,164.72
1165.2,201.47,200.93,215.74,191.95,164.67
1167.39,200.91,199.98,215,191.78,164.53
1169.58,200.29,199.03,214.1,191.6,164.36
1171.77,199.61,198.1,213.01,191.42,164.19
1173.96,199.04,197.21,211.83,191.21,164.02
1176.15,198.66,196.91,210.7,190.95,163.87
1178.34,198.38,195.9,209.68,190.66,163.68
1180.53,198,195.19,208.81,190.38,163.47
1182.72,197.15,194.56,208.31,190.11,163.39
1184.91,196.28,194,207.59,189.84,163.15
1187.1,195.39,193.49,206.82,189.56,162.98
1189.29,194.88,193,205.93,189.28,162.85
1191.48,194.88,192.5,204.94,189.03,162.71
1193.67,194.9,192.03,203.87,188.79,162.6
1195.86,194.95,191.58,202.76,188.55,162.45
1198.05,194.17,191.17,202.1,188.28,162.31
1200.24,193.18,190.83,200.96,188.02,162.13
1202.43,192.37,190.56,199.82,187.73,161.91
1204.62,191.77,190.34,198.68,187.43,161.8
1206.81,191.1,190.14,197.59,187.12,161.6
1209,190.19,189.92,196.59,186.79,161.43
1211.19,189.14,189.62,195.72,186.41,161.22
1213.38,187.9,189.18,194.98,185.92,160.98
1215.57,186.52,188.18,194.26,185.29,160.77
1217.76,185.54,187.51,193.41,184.51,160.58
1219.95,184.74,186.73,192.33,183.65,160.27
1222.14,185.29,185.91,191.12,182.76,160.02
1224.33,185.61,185.12,189.93,181.89,159.78
1226.53,185.19,184.37,188.9,181.07,159.51
1228.72,184.02,183.65,188.08,180.3,159.31
1230.91,182.33,182.9,187.4,179.6,159.03
1233.1,180.68,182.08,186.85,179.18,158.99
1235.29,179.43,181.14,186.31,178.76,158.77
1237.48,178.39,180.11,185.81,178.17,158.63
1239.67,177.32,179.02,185.34,177.58,158.5
1241.86,176.26,177.9,184.86,176.97,158.33
1244.05,175.13,176.78,184.33,176.35,158.19
1246.24,173.72,175.64,183.69,175.79,158.06
1248.43,172.08,174.5,182.97,175.36,157.91
1250.62,170.6,173.34,182.26,175.12,157.74
1252.81,169.48,172.16,181.67,175.07,157.61
1255,168.65,170.96,181.2,175.15,157.35
1257.19,167.7,169.76,180.8,175.23,157.2
1259.38,167.38,168.59,180.43,175.18,157.04
1261.57,167.11,167.47,180.01,174.93,156.91
1263.76,166.7,166.41,179.53,174.52,156.71
1265.95,166.3,165.39,178.91,173.99,156.44
1268.14,165.93,164.4,178.15,173.4,156.28
1270.33,165.12,163.41,177.38,172.78,156.36
1272.52,163.45,162.4,176.51,172.41,156.43
1274.71,161.1,161.36,175.69,171.74,156.37
1276.9,158.62,160.26,174.97,170.94,156.23
1279.09,156.37,159.7,174.31,170.03,156.45
1281.28,154.37,158.52,173.67,169.05,156.83
1283.47,152.54,157.28,172.98,168.07,157.03
1285.66,150.9,155.99,172.56,167.18,156.97
1287.85,149.51,154.65,171.72,166.41,156.94
1290.04,148.31,153.31,170.78,165.73,156.75
1292.23,146.95,151.96,169.7,165.03,156.46
1294.42,145.62,150.6,168.48,164.21,156.27
1296.61,144.85,149.25,167.11,163.23,156.21
1298.8,143.12,147.92,165.65,162.11,156.27
1300.99,141.59,146.6,164.21,160.86,156.53
1303.18,140.59,145.31,162.86,159.53,156.01
1305.37,139.76,144.01,161.62,158.17,155.19
1307.56,138.63,142.71,160.71,157.6,154.69
1309.75,137.18,141.37,159.58,156.34,154.65
1311.94,135.76,139.99,158.48,155.2,154.34
1314.13,134.58,138.57,157.41,154.14,153.11
1316.32,133.57,137.11,156.25,153.1,152.27
1318.51,132.63,135.63,154.88,152.05,151.41
1320.7,131.71,134.16,153.23,150.97,151.01
1322.89,130.86,132.7,151.43,149.9,150.82
1325.09,130.2,131.33,149.69,148.86,149.91
1327.28,129.8,130.04,148.14,147.88,149.39
1329.47,129.17,128.84,146.76,146.97,149.1
1331.66,129.15,127.75,145.5,146.12,148.49
1333.85,128.96,126.74,144.26,145.29,148.01
1336.04,128.46,125.8,142.99,144.55,148.1
1338.23,127.71,124.91,141.64,143.61,147.26
1340.42,126.89,124.07,140.18,142.55,146.68
1342.61,126.16,123.29,138.88,141.4,146.17
1344.8,125.61,122.56,137.16,140.88,145.75
1346.99,125.17,121.88,135.26,139.73,145.58
1349.18,124.53,121.21,133.32,138.58,144.37
1351.37,123.56,120.5,131.5,137.46,143.48
1353.56,122.4,119.72,129.87,136.37,143.14
1355.75,121.03,118.82,128.4,135.31,142.78
1357.94,119.37,117.79,127.01,134.32,142.54
1360.13,117.78,116.79,125.64,133.42,141.97
1362.32,116.57,115.57,124.27,132.58,141.95
1364.51,115.52,114.29,122.84,131.72,141.48
1366.7,114.54,112.99,121.21,130.77,140.83
1368.89,113.25,111.7,119.33,129.77,140.39
1371.08,111.83,110.42,117.32,128.75,139.51
1373.27,110.49,109.17,115.41,127.77,139.08
1375.46,109.16,107.96,113.78,126.83,138.78
1377.65,107.69,106.8,112.41,125.94,138.1
1379.84,106.16,106.14,111.32,125.09,137.5
1382.03,104.79,105.04,110.18,124.85,137.57
1384.22,103.64,103.94,109.07,123.87,137.07
1386.41,102.55,102.84,108.44,122.83,136.43
1388.6,101.29,101.7,107.26,121.76,135.74
1390.79,99.83,100.52,106,120.66,135.04
1392.98,98.3,99.3,104.61,119.46,134.2
1395.17,96.91,98.06,103.06,118.15,133.33
1397.36,95.76,96.87,101.42,116.74,132.48
1399.55,95.26,95.62,99.88,115.29,131.68
1401.74,94.24,94.41,98.55,113.84,130.54
1403.93,93.2,93.24,97.42,112.42,129.47
1406.12,92.15,92.15,96.39,111.03,128.31
1408.31,91.18,91.14,95.39,109.69,127.15
1410.5,90.37,90.2,94.4,108.41,126.44
1412.69,89.79,89.32,93.39,107.17,125.54
1414.88,89.43,88.48,92.48,105.96,123.83
1417.07,89.08,87.65,91.29,105.47,121.81
1419.26,88.59,86.79,89.92,104.26,120.42
1421.46,87.96,85.86,88.46,103,119.39
1423.65,87.19,84.85,87.07,101.66,118.04
1425.84,86.34,83.71,85.85,100.28,116.63
1428.03,85.39,82.46,84.8,98.95,115.32
1430.22,84.26,81.13,83.85,97.68,113.91
1432.41,82.98,79.85,82.93,96.45,113.12
1434.6,81.66,78.51,81.99,95.24,111.91
1436.79,80.5,77.25,80.99,94.31,111.25
1438.98,79.51,76.12,79.91,93.19,110.72
1441.17,78.75,75.12,78.69,92.17,110.23
1443.36,78.07,74.26,77.31,91.22,109.62
1445.55,77.39,73.51,75.78,90.29,108.13
1447.74,76.78,72.85,74.29,89.34,107.2
1449.93,76.28,72.23,72.97,88.41,106.17
1452.12,75.88,71.65,72,87.51,105.26
1454.31,75.41,71.08,70.99,87.14,104.53
1456.5,74.64,70.49,70.07,86.17,103.78
1458.69,73.49,69.87,69.18,85.18,102.56
1460.88,72.24,69.19,68.28,84.22,101.83
1463.07,71.3,68.43,67.35,83.34,101.16
1465.26,70.71,67.59,66.33,82.53,100.81
1467.45,70.29,66.67,65.17,81.77,100.79
1469.64,69.83,65.9,63.94,81.04,98.95
1471.83,69.01,64.9,62.77,80.35,98.07
1474.02,68.17,63.88,61.79,79.7,97.51
1476.21,66.61,62.88,61.01,79.07,96.92
1478.4,65.3,61.9,60.38,78.44,95.98
1480.59,64.49,61.27,59.83,77.82,95.55
1482.78,63.85,60.35,59.3,77.23,94.45
1484.97,63.02,59.48,58.74,76.66,93.81
1487.16,62.07,58.64,58.36,76.11,93.01
1489.35,61.06,57.79,57.86,75.76,92.5
1491.54,59.89,56.91,57.12,75.19,92.21
1493.73,58.65,55.99,56.26,74.62,91.86
1495.92,57.59,55.02,55.32,74.07,91.35
1498.11,56.7,54.01,54.41,73.56,90.7
1500.3,55.93,52.98,53.61,73.08,90.39
1502.49,55.17,51.98,52.94,72.61,89.83
1504.68,54.49,51.34,52.31,72.14,89.33
1506.87,53.69,50.39,51.69,71.67,88.63
1509.06,52.65,49.47,51.08,71.15,88.06
1511.25,52.31,48.56,50.51,70.59,87.46
1513.44,51.32,47.66,49.98,70.04,87.07
1515.63,50.37,46.78,49.44,69.51,86.24
1517.82,49.11,45.89,48.83,68.98,85.26
1520.02,47.49,45.02,48.07,68.45,84.23
1522.21,45.99,44.15,47.23,67.91,83.13
1524.4,44.85,43.3,46.68,67.37,82.21
1526.59,43.91,42.46,45.92,66.9,81.19
1528.78,43,41.63,45.3,66.41,80.11
1530.97,42.12,40.81,44.82,65.94,79.15
1533.16,41.27,40,44.45,65.46,78.07
1535.35,40.46,39.22,44.12,64.96,76.62
1537.54,39.72,38.47,43.79,64.69,76.32
1539.73,39.05,37.76,43.4,64.17,75.79
1541.92,38.41,37.35,42.98,63.63,74.67
1544.11,37.77,36.69,42.54,63.1,73.29
1546.3,37.37,36.05,42.15,62.58,72.5
1548.49,36.65,35.41,41.85,62.06,71.68
1550.68,35.83,34.78,41.65,61.56,70.24
1552.87,35,34.15,41.52,61.09,69.18
1555.06,34.23,33.5,41.43,60.64,67.79
1557.25,33.55,32.85,41.4,60.25,66.65
1559.44,32.95,32.18,41.45,59.9,65.76
1561.63,32.41,31.52,41.63,59.56,64.41
1563.82,31.93,30.86,41.86,59.22,63.29
1566.01,31.49,30.21,42.22,58.87,62.01
1568.2,31.08,29.58,42.78,58.48,61.29
1570.39,30.64,28.98,43.55,58.08,60.06
1572.58,30.19,28.42,44.5,57.74,58.95
1574.77,29.73,27.89,45.5,57.48,57.92
1576.96,29.3,27.41,46.42,57.28,57.07
1579.15,28.91,26.98,47.24,57.09,56.32
1581.34,28.6,26.78,47.97,56.95,55.4
1583.53,28.35,26.41,48.64,56.88,54.74
1585.72,28.15,26.08,49.27,56.86,53.81
1587.91,27.96,25.79,49.57,56.86,53.06
1590.1,27.71,25.54,50.21,56.85,51.84
1592.29,27.37,25.3,50.93,56.84,50.86
1594.48,26.96,25.09,51.74,56.82,50.04
1596.67,26.49,24.88,52.5,56.81,48.69
1598.86,26.01,24.67,53.27,56.83,47.98
1601.05,25.81,24.46,53.9,57,47.21
1603.24,25.39,24.26,54.35,57.43,46.64
1605.43,24.93,24.1,54.67,58.17,45.78
1607.62,24.45,23.99,54.92,59.16,44.87
1609.81,24,23.97,55.18,60.2,43.03
1612,23.64,24.06,55.48,61.04,41.8
1614.19,23.38,24.21,55.85,61.43,39.29
1616.38,23.22,24.49,56.3,61.34,37.49
1618.58,23,24.84,56.88,61.02,36.39
1620.77,22.85,25.22,57.6,60.7,35.27
1622.96,22.64,25.59,58.43,60.55,34.42
1625.15,22.38,25.95,59.28,60.63,33.86
1627.34,22.13,26.26,60.1,60.89,33.6
1629.53,21.91,26.55,60.91,61.14,33.34
1631.72,21.69,26.82,61.69,61.24,33.06
1633.91,21.43,27.08,62.52,61.15,32.84
1636.1,21.13,27.37,63.16,61.04,32.66
1638.29,20.81,27.68,63.63,60.79,32.68
1640.48,20.48,28.03,63.94,60.42,32.62
1642.67,20.12,28.42,64.08,60.07,32.7
1644.86,19.77,28.84,64.09,59.82,32.58
1647.05,19.46,29.27,63.98,59.71,32.1
1649.24,19.23,29.7,63.82,59.71,31.42
1651.43,19.11,30.1,63.61,59.8,31.2
1653.62,19.04,30.49,63.4,59.98,31.1
1655.81,18.87,30.83,63.22,60.31,30.98
1658,18.56,31.14,63.1,60.84,30.75
1660.19,18.15,31.43,63.06,61.59,30.56
1662.38,17.69,31.73,63.1,62.51,30.38
1664.57,17.26,32.04,63.23,63.41,30.08
1666.76,16.89,32.38,63.47,64.06,29.83
1668.95,16.57,32.74,63.71,64.36,29.57
1671.14,16.22,33.11,64.13,64.44,29.4
1673.33,15.81,33.49,64.58,64.02,29.2
1675.52,15.37,33.88,65,63.3,29.05
1677.71,14.99,34.28,65.34,62.39,28.86
1679.9,14.69,34.72,65.6,61.44,28.69
1682.09,14.42,35.19,65.81,60.61,28.45
1684.28,14.18,35.44,65.98,60.01,28.28
1686.47,14.01,35.98,66.13,59.66,28.02
1688.66,13.93,36.53,66.27,59.5,27.73
1690.85,13.91,37.09,66.34,59.42,27.46
1693.04,13.74,37.64,66.5,59.39,27.37
1695.23,13.67,38.14,66.65,59.44,27.19
1697.42,13.5,38.58,66.79,59.66,26.95
1699.61,13.23,38.94,66.91,60.11,26.84
1701.8,13.16,39.23,67.03,60.73,26.66
1703.99,12.94,39.46,67.16,61.32,26.55
1706.18,12.85,39.64,67.23,61.66,26.42
1708.37,12.89,39.79,67.37,61.67,26.27
1710.56,13.02,39.89,67.51,61.45,26.13
1712.75,13.15,39.95,67.63,61.08,26.02
1714.94,13.27,39.98,67.74,60.73,25.94
1717.14,13.43,39.98,67.83,60.51,25.78
1719.33,13.6,39.97,67.93,60.37,25.77
1721.52,13.7,39.96,68.01,60.27,25.66
1723.71,13.69,39.89,68.06,60.21,25.56
1725.9,13.6,39.88,68.08,60.2,25.45
1728.09,13.31,39.84,68.07,60.2,25.39
1730.28,13.1,39.76,68.04,60.19,25.31
1732.47,12.87,39.63,67.99,60.16,25.2
1734.66,12.62,39.46,67.95,60.11,25.17
1736.85,12.37,39.26,67.92,60.04,25.05
1739.04,12.2,39.02,67.96,59.96,24.89
1741.23,12.08,38.77,68.1,59.9,24.82
1743.42,11.89,38.49,68.37,59.92,24.71
1745.61,11.56,38.2,68.75,59.92,24.67
1747.8,11.18,37.9,69.2,59.97,24.58
1749.99,10.85,37.59,69.65,60,24.51
1752.18,10.61,37.28,70.08,59.9,24.52
1754.37,10.38,36.98,70.48,59.59,24.41
1756.56,10.07,36.67,70.82,58.92,24.34
1758.75,9.72,36.38,71.12,57.89,24.25
1760.94,9.35,36.21,71.36,56.64,24.35
1763.13,8.92,35.94,71.56,55.38,24.64
1765.32,8.5,35.7,71.7,54.24,24.92
1767.51,8.08,35.49,71.73,53.34,25.76
1769.7,7.71,35.31,71.63,52.65,25.88
1771.89,7.4,35.16,71.41,52.08,26.43
1774.08,7.22,35.03,71.12,51.6,26.84
1776.27,7.26,34.92,70.84,51.18,27.13
1778.46,7.48,34.82,70.77,50.79,27.07
1780.65,7.66,34.7,70.58,50.51,27.59
1782.84,7.61,34.55,70.42,50.19,27.06
1785.03,7.32,34.37,70.24,49.9,26.8
1787.22,6.96,34.15,70.03,49.54,26.27
1789.41,6.64,33.88,69.87,49.01,26.05
1791.6,6.27,33.57,69.72,48.24,25.46
1793.79,5.76,33.21,69.75,47.32,24.72
1795.98,5.13,32.94,69.89,46.37,24
1798.17,4.51,32.47,70.12,45.6,23.81
1800.36,4.04,31.93,70.39,45.15,23.33
1802.55,3.62,31.29,70.65,45.1,22.52
1804.74,3.46,30.52,70.87,45.37,21.23
1806.93,3.28,29.57,71.04,45.85,19.96
1809.12,3.14,28.43,71.19,46.41,18.04
1811.31,2.94,27.07,71.34,46.99,16.73
1813.51,2.69,25.55,71.53,47.54,15.47
1815.7,2.49,23.88,71.79,48.13,14
1817.89,2.36,22.13,71.98,48.79,12.99
1820.08,2.16,20.36,72.16,49.46,12.13
1822.27,1.76,18.58,72.29,50.06,11.45
1824.46,1.26,16.8,72.39,50.55,10.69
1826.65,0.9,15,72.48,50.93,10.32
1828.84,0.71,13.15,72.57,51.27,9.53
1831.03,0.64,11.23,72.67,51.67,9.17
1833.22,0.63,9.54,72.77,52.22,8.12
1835.41,0.53,7.55,72.87,52.93,6.72
1837.6,0.22,5.65,72.96,53.75,6.03
1839.79,0.1,3.95,73.03,54.57,4.55
1841.98,0.05,2.55,73.07,54.91,3.39
1844.17,0.03,1.51,73.07,55.46,1.99
1846.36,0.01,0.79,73.06,55.75,1.3
1848.55,0,0.37,73.04,55.75,0.83
1850.74,0,0.14,73.12,55.52,0.53
1852.93,0,0.05,73,55.28,0.29
1855.12,0,0.01,72.76,54.73,0.07
1857.31,0,0,72.41,54.13,0.02
1859.5,0,0,71.99,53.55,0.06
1861.69,0,0,71.56,53.04,-0.01
1863.88,0,0,71.1,52.66,-0.26
1866.07,0,0,70.55,52.36,-0.59
1868.26,0,0,69.87,52.09,-0.98
1870.45,0,0,69.1,51.76,-1.15
1872.64,0,0,68.38,51.32,-1.1
1874.83,0,0,67.83,50.83,-0.98
1877.02,0,0,67.5,50.41,-0.88
1879.21,0,0,67.39,50.15,-0.79
1881.4,0,0,67.44,50.05,-0.68
1883.59,0,0,67.57,49.84,-0.57
1885.78,0,0,67.78,49.13,-0.46
1887.97,0,0,68.32,47.51,-0.41
1890.16,0,0,68.77,45.38,-0.35
1892.35,0,0,69.01,41.98,-0.86
1894.54,0,0,69.81,38.06,-3.94
1896.73,0,0,70.73,33.97,-4.41
1898.92,0,0,71.58,29.92,-4.75
1901.11,0,0,72.21,25.98,-5.07
1903.3,0,0,72.55,22.19,-5.35
1905.49,0,0,72.66,18.68,-5.72
1907.68,0,0,72.6,15.66,-6.09
1909.87,0,0,72.39,13.3,-6.41
1912.07,0,0,72.03,11.58,-6.67
1914.26,0,0,71.45,10.39,-6.91
1916.45,0,0,70.6,9.51,-7.26
1918.64,0,0,69.56,8.76,-7.87
1920.83,0,0,68.51,8,-8.51
1923.02,0,0,67.67,7.16,-9.02
1925.21,0,0,67.14,6.36,-9.32
1927.4,0,0,66.73,5.28,-9.75
1929.59,0,0,66.51,4.2,-10.08
1931.78,0,0,66.44,3.31,-10.56
1933.97,0,0,66.45,2.73,-11.1
1936.16,0,0,66.55,2.46,-11.54
1938.35,0,0,66.69,2.41,-12.07
1940.54,0,0,66.86,2.44,-12.56
1942.73,0,0,67,2.48,-12.88
1944.92,0,0,67.08,2.54,-13.33
1947.11,0,0,67.07,2.58,-13.86
1949.3,0,0,66.95,2.59,-14.03
1951.49,0,0,66.74,2.57,-14.3
1953.68,0,0,66.44,2.54,-14.53
1955.87,0,0,66.07,2.51,-14.67
1958.06,0,0,65.63,2.49,-15.25
1960.25,0,0,65.2,2.5,-15.73
1962.44,0,0,64.65,2.52,-15.71
1964.63,0,0,64.02,2.61,-16.01
1966.82,0,0,63.31,2.71,-16
1969.01,0,0,62.59,2.79,-15.93
1971.2,0,0,61.96,2.82,-16.14
1973.39,0,0,61.48,2.82,-16.56
1975.58,0,0,61.14,2.82,-16.76
1977.77,0,0,60.89,2.84,-16.79
1979.96,0,0,60.69,2.87,-17.02
1982.15,0,0,60.53,2.88,-17.68
1984.34,0,0,60.39,2.86,-17.93
1986.53,0,0,60.26,2.84,-18.28
1988.72,0,0,60.13,2.83,-18.28
1990.91,0,0,60,2.84,-18.39
1993.1,0,0,59.92,2.85,-18.66
1995.29,0,0,59.83,2.85,-18.82
1997.48,0,0,59.8,2.85,-19
1999.67,0,0,59.76,2.84,-19.27
2001.86,0,0,59.75,2.82,-19.89
2004.05,0,0,59.74,2.78,-20.03
2006.24,0,0,59.75,2.73,-19.87
2008.43,0,0,59.78,2.68,-19.72
2010.63,0,0,59.82,2.65,-19.71
2012.82,0,0,59.9,2.65,-19.85
2015.01,0,0,60.04,2.67,-20.03
2017.2,0,0,60.23,2.74,-20.27
2019.39,0,0,60.47,2.83,-20.47
2021.58,0,0,60.73,2.94,-20.75
2023.77,0,0,60.99,3.03,-20.96
2025.96,0,0,61.24,3.07,-21.09
2028.15,0,0,61.48,3.03,-21.11
2030.34,0,0,61.7,2.95,-21.3
2032.53,0,0,61.83,2.85,-21.4
2034.72,0,0,62.03,2.75,-21.38
2036.91,0,0,62.25,2.68,-21.39
2039.1,0,0,62.49,2.62,-21.33
2041.29,0,0,62.75,2.59,-21.33
2043.48,0,0,62.97,2.59,-21.48
2045.67,0,0,63.12,2.58,-21.64
2047.86,0,0,63.19,2.59,-21.83
2050.05,0,0,63.18,2.61,-22.2
2052.24,0,0,63.15,2.61,-22.67
2054.43,0,0,63.11,2.58,-22.75
2056.62,0,0,63.06,2.52,-22.79
2058.81,0,0,62.97,2.46,-22.87
2061,0,0,62.81,2.4,-22.65
2063.19,0,0,62.58,2.34,-22.53
2065.38,0,0,62.27,2.3,-22.51
2067.57,0,0,61.96,2.27,-22.5
2069.76,0,0,61.66,2.26,-22.52
2071.95,0,0,61.48,2.29,-22.51
2074.14,0,0,61.43,2.36,-22.59
2076.33,0,0,61.45,2.41,-22.67
2078.52,0,0,61.49,2.43,-22.82
2080.71,0,0,61.53,2.41,-23.03
2082.9,0,0,61.57,2.36,-23.17
2085.09,0,0,61.68,2.3,-23.36
2087.28,0,0,61.86,2.26,-23.62
2089.47,0,0,62.12,2.24,-23.99
2091.66,0,0,62.41,2.22,-24.15
2093.85,0,0,62.68,2.24,-24.05
2096.04,0,0,62.84,2.28,-24
2098.23,0,0,62.96,2.34,-24.12
2100.42,0,0,62.98,2.42,-24.24
2102.61,0,0,62.9,2.47,-24.29
2104.8,0,0,62.68,2.5,-24.15
2106.99,0,0,62.47,2.51,-24.14
2109.19,0,0,61.98,2.48,-24.33
2111.38,0,0,61.32,2.44,-24.6
2113.57,0,0,60.52,2.41,-24.67
2115.76,0,0,59.6,2.41,-24.8
2117.95,0,0,58.57,2.42,-24.98
2120.14,0,0,57.4,2.43,-25.39
2122.33,0,0,56.11,2.43,-25.7
2124.52,0,0,54.77,2.41,-25.97
2126.71,0,0,53.49,2.37,-25.92
2128.9,0,0,52.36,2.34,-25.65
2131.09,0,0,51.34,2.33,-24.79
2133.28,0,0,50.22,2.33,-24.34
2135.47,0,0,48.78,2.34,-24.01
2137.66,0,0,46.92,2.36,-23.23
2139.85,0,0,44.73,2.37,-23.2
2142.04,0,0,43.39,2.39,-22.55
2144.23,0,0,41.17,2.4,-21.22
2146.42,0,0,39.26,2.38,-19.89
2148.61,0,0,37.63,2.35,-18.45
2150.8,0,0,36.05,2.34,-18.75
2152.99,0,0,34.32,2.36,-18.6
2155.18,0,0,32.39,2.38,-18.09
2157.37,0,0,30.29,2.39,-17.63
2159.56,0,0,28.05,2.4,-17.49
2161.75,0,0,25.71,2.39,-17.96
2163.94,0,0,23.29,2.39,-17.41
2166.13,0,0,20.84,2.36,-15.78
2168.32,0,0,18.43,2.29,-17.1
2170.51,0,0,16.1,2.21,-17.12
2172.7,0,0,13.9,2.15,-16.48
2174.89,0,0,11.95,2.13,-15.69
2177.08,0,0,10.36,2.15,-15.04
2179.27,0,0,9.86,2.18,-14.6
2181.46,0,0,8.85,2.22,-13.97
2183.65,0,0,7.9,2.24,-13.68
2185.84,0,0,6.8,2.25,-13.19
2188.03,0,0,5.54,2.26,-12.69
2250,0,0,4.25,2.27,-12.79
