Time,FSE  P2,FSE  P4,FSE  P5,FSE  P6,FSE  P7,FSE  P8,FSE  P9,FSE  P10,FSE  P11
0.00,0.00,0.00,0.00,0.00,0.00,0.00,0.00,0.00,0.00
2.00,0.00,0.00,-0.10,0.00,0.00,0.00,0.00,0.00,0.00
4.00,0.00,0.00,-0.10,0.00,0.00,0.00,0.00,0.00,0.00
6.00,0.00,0.00,-0.20,0.00,0.00,0.00,0.00,0.00,0.00
8.00,0.00,0.00,-0.30,0.00,0.00,0.00,0.00,0.00,0.00
10.00,0.00,0.00,-0.30,0.00,0.00,0.00,0.00,0.00,0.00
12.00,0.00,0.00,-0.30,0.00,0.00,0.00,0.00,0.00,0.00
14.00,0.00,0.00,-0.20,0.00,0.00,0.00,0.00,0.00,0.00
16.00,0.00,0.00,-0.10,0.00,0.00,0.00,0.00,0.00,0.00
18.00,0.00,0.00,0.00,0.00,0.00,0.00,0.00,0.00,0.00
20.00,0.00,0.00,0.20,0.00,0.00,0.00,0.00,0.00,0.00
22.00,0.10,0.00,0.20,0.00,0.00,0.00,0.00,0.00,0.00
24.00,0.90,0.00,0.30,0.00,0.00,0.00,0.00,0.00,0.00
26.00,5.70,0.00,0.20,0.00,0.00,0.00,0.00,0.00,0.00
28.00,59.30,0.00,0.10,0.00,0.00,0.00,0.00,0.00,0.00
30.00,89.70,0.00,-0.10,0.00,0.00,0.00,0.00,0.00,0.00
32.00,80.00,0.00,-0.20,0.00,0.00,0.00,0.00,0.00,0.00
34.00,48.80,0.00,-0.20,0.00,0.00,0.00,0.00,0.00,0.00
36.00,19.80,0.00,-0.10,0.00,0.00,0.00,0.00,0.00,0.00
38.00,18.00,0.00,-0.10,0.00,0.00,0.00,0.00,0.00,0.00
40.00,9.40,0.00,0.00,0.00,0.00,0.00,0.00,0.00,0.00
42.00,-3.40,0.00,0.00,-0.10,0.00,0.00,0.00,0.00,0.00
44.00,-12.20,0.10,-0.10,-0.10,0.00,0.00,0.00,0.00,0.00
46.00,-20.00,0.20,-0.10,-0.10,0.00,0.00,0.00,0.00,0.00
48.00,-29.20,0.60,-0.10,-0.10,0.00,0.00,0.00,0.00,0.00
50.00,-35.40,1.80,0.00,-0.10,0.00,0.00,0.00,0.00,0.00
52.00,-38.50,4.80,0.00,-0.10,0.00,0.00,0.00,0.00,0.00
54.00,-41.10,30.20,0.10,-0.10,0.00,0.00,0.00,0.00,0.00
56.00,-43.80,33.00,0.10,-0.10,0.00,0.00,0.00,0.00,0.00
58.00,-44.90,32.90,0.10,-0.10,0.00,0.00,0.00,0.00,0.00
60.00,-42.60,32.70,0.10,0.00,0.00,0.00,0.00,0.00,0.00
62.00,-9.90,33.00,0.00,0.00,0.00,0.00,0.00,0.00,0.00
64.00,-18.90,32.10,-0.10,0.00,0.00,0.00,0.00,0.00,0.00
66.00,-23.50,29.50,-0.10,0.00,0.00,0.00,0.00,0.00,0.00
68.00,-25.00,26.90,-0.20,0.00,0.00,0.00,0.00,0.00,0.00
70.00,-24.90,25.20,-0.20,0.00,0.00,0.00,0.00,0.00,0.00
72.00,-23.70,25.00,-0.10,-0.10,0.00,0.00,0.00,0.00,0.00
74.00,-21.30,25.70,0.00,-0.10,0.00,0.00,0.00,0.00,0.00
76.00,-17.90,26.90,0.10,-0.10,0.00,0.00,0.00,0.00,0.00
78.00,-15.70,33.20,0.20,-0.10,0.00,0.00,0.00,0.00,0.00
80.00,-15.50,23.70,0.20,-0.10,0.00,0.00,0.00,0.00,0.00
82.00,-16.90,15.50,0.20,0.00,0.00,0.00,0.00,0.00,0.00
84.00,-19.40,10.50,0.10,0.00,0.00,0.00,0.00,0.00,0.00
86.00,-23.50,15.60,0.10,0.00,0.00,0.00,0.00,0.00,0.00
88.00,-26.80,30.20,0.20,0.10,0.00,0.00,0.00,0.00,0.00
90.00,-29.90,15.50,0.50,0.10,0.00,0.00,0.00,0.00,0.00
92.00,-32.20,6.90,1.10,0.10,0.00,0.00,0.00,0.00,0.00
94.00,-33.50,0.70,2.00,0.00,0.00,0.00,0.00,0.00,0.00
96.00,-33.90,-3.70,3.30,0.00,0.00,0.00,0.00,0.00,0.00
98.00,-34.30,-8.00,5.10,-0.10,0.00,0.00,0.00,0.00,0.00
100.00,-33.70,-10.10,7.70,-0.10,0.00,0.00,0.00,0.00,0.00
102.00,-32.60,-12.70,11.40,-0.10,0.00,0.00,0.00,0.00,0.00
104.00,-30.90,-14.40,15.60,-0.10,0.00,0.00,0.00,0.00,0.00
106.00,-25.90,-13.70,19.60,0.00,-0.10,0.00,0.00,0.00,0.00
108.00,-19.90,-10.40,22.20,0.00,-0.10,0.00,0.00,0.00,0.00
110.00,-13.60,-6.00,20.60,0.00,-0.10,0.00,0.00,0.00,0.00
112.00,-11.50,-3.30,17.50,0.00,-0.10,0.00,0.00,0.00,0.00
114.00,-12.20,-1.80,18.10,0.00,-0.10,0.00,0.00,0.00,0.00
116.00,-14.50,-3.10,24.60,-0.10,-0.10,0.00,0.00,0.00,0.00
118.00,-15.40,-7.10,29.90,-0.10,-0.10,0.00,0.00,0.00,0.00
120.00,-13.90,-12.30,33.20,-0.10,-0.10,0.00,0.00,0.00,0.00
122.00,-9.70,-17.00,32.20,-0.10,-0.10,0.00,0.00,0.00,0.00
124.00,-4.60,-20.00,28.30,0.00,0.00,0.00,0.00,0.00,0.00
126.00,-3.70,-20.00,23.70,0.00,0.00,0.00,0.00,0.00,0.00
128.00,-5.40,-19.90,19.80,0.10,0.00,0.00,0.00,0.00,0.00
130.00,-7.70,-19.90,18.80,0.20,0.00,0.00,0.00,0.00,0.00
132.00,-10.00,-20.60,19.60,0.20,0.00,0.00,0.00,0.00,0.00
134.00,-13.20,-19.80,20.10,0.20,0.00,0.00,0.00,0.00,0.00
136.00,-15.80,-17.30,19.50,0.30,0.00,0.00,0.00,0.00,0.00
138.00,-17.90,-14.60,16.70,0.40,0.00,0.00,0.00,0.00,0.00
140.00,-20.00,-13.00,13.80,0.60,0.00,0.00,0.00,0.00,0.00
142.00,-22.10,-12.20,12.30,0.80,0.00,0.00,0.00,0.00,0.00
144.00,-24.30,-12.30,12.20,1.20,0.00,0.00,0.00,0.00,0.00
146.00,-25.80,-12.60,13.10,1.80,0.00,0.00,0.00,0.00,0.00
148.00,-26.20,-12.30,13.60,2.60,0.00,0.00,0.00,0.00,0.00
150.00,-24.60,-12.00,12.80,3.80,-0.10,0.00,0.00,0.00,0.00
152.00,-19.40,-12.10,10.60,5.40,-0.10,0.00,0.00,0.00,0.00
154.00,-10.40,-12.80,7.70,7.70,-0.10,0.00,0.00,0.00,0.00
156.00,-7.20,-13.80,5.30,10.70,-0.10,0.00,0.00,0.00,0.00
158.00,-15.20,-14.50,3.30,14.30,-0.10,0.00,0.00,0.00,0.00
160.00,-21.10,-14.00,1.50,18.10,-0.10,0.00,0.00,0.00,0.00
162.00,-21.40,-12.00,0.30,21.10,-0.10,0.00,0.00,0.00,0.00
164.00,-21.90,-9.40,-0.10,23.00,-0.10,0.00,0.00,0.00,0.00
166.00,-23.00,-6.40,0.00,23.80,-0.10,0.00,0.00,0.00,0.00
168.00,-22.80,-4.00,-0.20,23.80,-0.10,0.00,0.00,0.00,0.00
170.00,-20.60,-3.00,-1.20,23.70,0.00,0.00,0.00,0.00,0.00
172.00,-18.00,-3.10,-2.30,23.80,0.00,0.00,0.00,0.00,0.00
174.00,-16.70,-3.60,-3.50,23.80,0.00,0.00,0.00,0.00,0.00
176.00,-17.00,-3.60,-4.30,23.40,0.00,0.00,0.00,0.00,0.00
178.00,-18.40,-2.10,-4.80,22.20,0.00,0.00,0.00,0.00,0.00
180.00,-19.40,-0.60,-5.50,20.80,0.00,0.00,0.00,0.00,0.00
182.00,-19.70,-0.40,-6.80,19.30,0.00,0.00,0.00,0.00,0.00
184.00,-19.40,0.10,-7.90,18.80,0.00,0.00,0.00,0.00,0.00
186.00,-19.30,1.90,-8.30,19.40,0.00,0.00,0.00,0.00,0.00
188.00,-19.80,3.90,-7.40,20.60,0.10,0.00,0.00,0.00,0.00
190.00,-20.00,4.40,-5.40,21.60,0.10,0.00,0.00,0.00,0.00
192.00,-21.40,2.80,-3.20,20.70,0.20,0.00,0.00,0.00,0.00
194.00,-21.40,0.30,-1.70,18.00,0.40,0.00,0.00,0.00,0.00
196.00,-21.20,-1.10,-1.40,14.40,0.60,0.00,0.00,0.00,0.00
198.00,-20.30,-0.90,-2.00,11.60,0.90,0.00,0.00,0.00,0.00
200.00,-18.80,-0.30,-2.90,10.00,1.40,0.00,0.00,0.00,0.00
202.00,-17.20,-0.60,-3.50,11.30,2.00,0.00,0.00,0.00,0.00
204.00,-16.10,-0.90,-3.60,13.90,3.10,0.00,0.00,0.00,0.00
206.00,-15.80,-1.40,-3.80,15.70,4.80,0.00,0.00,0.00,0.00
208.00,-16.10,-2.20,-4.50,15.70,7.20,0.00,0.00,0.00,0.00
210.00,-17.30,-4.10,-5.30,13.90,10.80,0.00,0.00,0.00,0.00
212.00,-19.20,-6.20,-5.80,10.90,15.00,0.00,0.00,0.00,0.00
214.00,-21.20,-7.50,-5.90,8.10,17.30,0.00,0.00,0.00,0.00
216.00,-22.90,-7.60,-5.70,6.20,17.30,0.00,0.00,0.00,0.00
218.00,-23.90,-7.00,-5.20,5.00,16.00,0.00,0.00,0.00,0.00
220.00,-24.20,-6.30,-4.40,4.60,14.50,0.00,0.00,0.00,0.00
222.00,-24.10,-5.90,-3.80,4.60,13.40,0.00,0.00,0.00,0.00
224.00,-24.20,-6.00,-3.70,4.60,12.80,0.00,0.00,0.00,0.00
226.00,-23.90,-6.40,-3.60,3.90,13.00,0.00,0.00,0.00,0.00
228.00,-23.00,-6.90,-3.20,2.60,13.60,0.00,0.00,0.00,0.00
230.00,-21.20,-7.20,-2.60,1.00,13.90,0.00,0.00,0.00,0.00
232.00,-19.20,-7.00,-1.80,-0.30,14.10,0.00,0.00,0.00,0.00
234.00,-17.20,-6.50,-0.90,-1.00,14.40,0.00,0.00,0.00,0.00
236.00,-15.80,-6.50,0.10,-0.80,14.80,0.00,0.00,0.00,0.00
238.00,-14.70,-7.40,1.50,-0.20,15.50,0.00,0.00,0.00,0.00
240.00,-13.30,-9.00,3.30,0.30,16.50,0.00,0.00,0.00,0.00
242.00,-11.60,-10.70,5.00,0.70,17.10,0.00,0.00,0.00,0.00
244.00,-10.50,-11.50,5.90,1.00,17.10,-0.10,0.00,0.00,0.00
246.00,-10.60,-11.00,5.60,1.40,17.00,-0.10,0.00,0.00,0.00
248.00,-11.30,-9.60,4.70,1.90,17.10,-0.10,0.00,0.00,0.00
250.00,-12.30,-8.30,4.00,2.00,17.50,-0.10,0.00,0.00,0.00
252.00,-14.00,-7.80,3.50,1.70,18.30,-0.10,0.00,0.00,0.00
254.00,-16.10,-8.00,3.00,1.00,19.20,-0.10,0.00,0.00,0.00
256.00,-18.10,-8.80,2.30,0.10,19.60,-0.10,0.00,0.00,0.00
258.00,-19.40,-9.60,1.90,-0.60,19.10,0.00,0.00,0.00,0.00
260.00,-20.30,-10.00,2.20,-1.00,17.90,0.00,0.00,0.00,0.00
262.00,-20.80,-9.80,3.20,-0.90,16.30,0.00,0.00,0.00,0.00
264.00,-21.10,-9.40,4.20,-0.60,14.60,0.00,0.00,0.00,0.00
266.00,-20.90,-9.10,4.90,-0.60,13.10,0.00,0.00,0.00,0.00
268.00,-20.50,-9.10,4.80,-1.20,11.90,0.10,0.00,0.00,0.00
270.00,-20.20,-9.10,4.30,-2.10,11.00,0.10,0.00,0.00,0.00
272.00,-19.90,-8.80,3.40,-2.90,10.10,0.30,0.00,0.00,0.00
274.00,-19.70,-8.20,2.30,-3.20,9.20,0.50,0.00,0.00,0.00
276.00,-19.20,-7.30,1.30,-2.90,8.30,0.80,0.00,0.00,0.00
278.00,-18.90,-6.30,0.80,-2.30,7.70,1.40,0.00,0.00,0.00
280.00,-18.60,-5.20,0.70,-1.30,7.00,2.50,0.00,0.00,0.00
282.00,-18.20,-4.40,1.00,-0.30,6.40,4.20,0.00,0.00,0.00
284.00,-17.70,-3.70,1.40,0.70,5.60,6.90,0.00,0.00,0.00
286.00,-17.30,-3.40,1.50,1.40,4.80,10.00,0.00,0.00,0.00
288.00,-16.90,-3.40,1.20,1.70,4.10,11.90,0.00,0.00,0.00
290.00,-16.50,-3.50,0.40,1.50,3.30,9.60,0.00,0.00,0.00
292.00,-16.10,-3.60,-0.60,0.90,2.70,7.40,0.00,0.00,0.00
294.00,-15.50,-3.80,-1.30,0.30,2.20,8.30,0.00,0.00,0.00
296.00,-14.60,-4.00,-1.50,0.00,1.80,14.40,0.00,0.00,0.00
298.00,-13.70,-4.30,-1.40,0.00,1.50,15.70,0.00,0.00,0.00
300.00,-13.30,-4.90,-1.30,0.60,1.10,12.30,0.00,0.00,0.00
302.00,-13.40,-5.70,-1.20,1.30,0.50,10.70,0.00,0.00,0.00
304.00,-13.90,-6.70,-0.90,2.10,-0.60,11.50,0.00,0.00,0.00
306.00,-14.60,-7.30,-0.50,2.80,-2.00,12.20,0.00,0.00,0.00
308.00,-15.70,-7.40,0.20,3.30,-3.70,11.00,0.00,0.00,0.00
310.00,-16.90,-6.90,1.00,3.60,-5.30,9.60,0.00,0.00,0.00
312.00,-17.90,-6.00,1.50,3.80,-6.70,10.00,0.00,0.00,0.00
314.00,-18.20,-5.20,1.60,4.30,-7.60,11.40,0.00,0.00,0.00
316.00,-18.00,-4.60,1.60,5.20,-8.40,12.40,0.00,0.00,0.00
318.00,-17.50,-4.60,1.40,6.00,-9.00,12.50,0.00,0.00,0.00
320.00,-17.00,-4.70,1.00,6.30,-9.40,12.00,0.00,0.00,0.00
322.00,-16.60,-4.90,0.60,5.80,-9.50,11.50,0.00,0.00,0.00
324.00,-16.00,-4.80,0.20,5.00,-9.60,11.40,0.00,0.00,0.00
326.00,-15.30,-4.60,-0.10,4.40,-9.50,11.40,0.00,0.00,0.00
328.00,-14.50,-4.30,0.00,4.10,-9.30,11.10,0.00,0.00,0.00
330.00,-13.70,-4.20,0.20,3.40,-9.30,10.70,0.10,0.00,0.00
332.00,-13.20,-4.10,0.40,2.20,-9.50,10.00,0.10,0.00,0.00
334.00,-13.00,-4.00,0.60,0.50,-9.80,10.00,0.20,0.00,0.00
336.00,-13.10,-3.70,1.00,-1.00,-10.10,9.90,0.30,0.00,0.00
338.00,-13.50,-3.40,1.30,-2.00,-10.50,9.30,0.50,0.00,0.00
340.00,-14.10,-3.10,1.30,-2.70,-10.60,8.60,0.70,0.00,0.00
342.00,-14.60,-2.90,1.10,-3.50,-10.50,8.00,1.10,0.00,0.00
344.00,-15.00,-2.60,0.90,-4.10,-10.60,7.30,1.50,0.00,0.00
346.00,-15.20,-2.20,1.30,-4.30,-10.40,6.50,2.00,0.00,0.00
348.00,-15.30,-2.10,2.10,-3.70,-10.20,5.90,2.60,0.00,0.00
350.00,-15.20,-2.40,2.80,-2.50,-10.00,5.30,3.40,0.00,0.00
352.00,-15.10,-2.90,3.20,-1.80,-9.70,4.70,4.20,0.00,0.00
354.00,-14.90,-3.30,3.10,-1.80,-9.10,4.20,5.00,0.00,0.00
356.00,-14.70,-3.20,2.80,-1.90,-8.00,3.70,5.70,0.00,0.00
358.00,-14.40,-2.40,2.40,-1.50,-6.70,3.20,6.30,0.00,0.00
360.00,-14.20,-1.30,2.00,-1.00,-5.50,2.80,6.60,0.00,0.00
362.00,-14.00,-0.10,1.70,-0.90,-3.60,2.40,6.80,0.00,0.00
364.00,-13.80,1.00,1.50,-1.20,-1.50,2.10,6.90,0.00,0.00
366.00,-13.60,1.70,1.10,-1.50,-0.40,2.10,6.90,0.00,0.00
368.00,-13.20,2.30,0.60,-1.80,0.00,2.30,7.10,0.00,0.00
370.00,-12.70,2.80,0.00,-2.10,0.30,2.70,7.20,0.00,0.00
372.00,-12.10,3.00,-0.60,-2.30,1.00,3.30,7.40,0.00,0.00
374.00,-11.60,3.00,-1.00,-2.70,1.50,3.90,7.60,0.00,0.00
376.00,-11.30,3.00,-1.30,-3.60,1.40,4.30,7.80,0.00,0.00
378.00,-11.00,2.80,-1.80,-4.60,1.40,4.10,8.10,0.00,0.00
380.00,-10.80,2.50,-2.10,-5.30,1.90,3.20,8.60,0.00,0.00
382.00,-10.50,2.00,-2.10,-5.70,2.80,1.90,9.10,0.00,0.00
384.00,-10.30,1.50,-1.70,-5.90,3.50,0.80,9.30,0.10,0.00
386.00,-10.40,1.10,-1.20,-6.20,3.40,0.00,8.80,0.10,0.00
388.00,-10.70,0.90,-1.30,-6.60,3.10,-0.20,7.90,0.20,0.00
390.00,-11.20,1.00,-1.70,-7.20,3.00,-0.40,7.10,0.30,0.00
392.00,-11.60,1.00,-2.00,-7.60,3.40,-0.70,6.90,0.40,0.00
394.00,-11.80,0.80,-2.00,-7.60,3.90,-1.10,7.40,0.50,0.00
396.00,-11.80,0.50,-1.90,-6.90,4.30,-1.40,8.00,0.70,0.00
398.00,-11.70,0.00,-1.80,-5.50,4.50,-1.80,7.80,0.90,0.00
400.00,-11.50,-0.60,-2.10,-3.90,4.60,-2.40,6.90,1.20,0.00
402.00,-11.00,-1.00,-2.60,-2.80,5.00,-2.90,6.20,1.50,0.00
404.00,-10.20,-1.40,-3.00,-2.20,5.70,-3.20,6.70,1.90,0.00
406.00,-9.10,-1.60,-3.20,-1.80,6.30,-3.50,8.10,2.40,0.00
408.00,-8.00,-1.90,-3.10,-1.30,6.30,-4.00,8.70,2.80,0.00
410.00,-7.20,-2.10,-2.80,-0.60,6.20,-4.40,7.20,3.30,0.00
412.00,-6.60,-2.30,-2.70,-0.10,6.20,-4.80,5.70,3.80,0.00
414.00,-6.30,-2.30,-2.80,0.20,6.40,-5.00,5.60,4.30,0.00
416.00,-6.00,-2.50,-3.00,0.10,7.10,-4.90,6.70,4.70,0.00
418.00,-5.90,-2.90,-3.10,-0.10,7.80,-4.50,6.60,5.10,0.00
420.00,-5.90,-3.30,-2.90,-0.30,8.10,-4.10,5.00,5.30,0.00
422.00,-5.90,-3.80,-2.30,-0.20,7.90,-3.60,3.50,5.50,0.00
424.00,-6.10,-4.10,-1.70,0.40,7.20,-3.30,3.20,5.70,0.00
426.00,-6.20,-4.40,-1.00,0.50,6.70,-3.20,4.10,5.90,0.00
428.00,-6.40,-4.70,-0.60,-0.10,6.60,-3.10,4.60,6.10,0.00
430.00,-6.70,-4.90,-0.40,-0.90,6.50,-3.10,3.90,6.30,0.00
432.00,-6.90,-5.10,-0.40,-1.40,6.10,-3.10,2.80,6.60,0.00
434.00,-7.00,-5.20,-0.50,-1.60,5.20,-3.20,2.60,6.90,0.00
436.00,-7.00,-5.00,-0.70,-1.80,4.20,-3.40,3.30,7.20,0.00
438.00,-6.80,-4.80,-0.80,-2.10,3.40,-3.60,4.20,7.40,0.00
440.00,-6.60,-4.50,-1.10,-2.40,3.00,-3.50,4.10,7.50,0.00
442.00,-6.30,-4.20,-1.50,-2.80,2.70,-3.20,3.20,7.50,0.00
444.00,-6.20,-4.00,-1.80,-3.40,2.30,-2.80,2.50,7.40,0.00
446.00,-6.10,-3.70,-2.10,-4.00,1.90,-2.30,2.20,7.40,0.00
448.00,-6.10,-3.50,-2.40,-4.30,1.70,-2.00,2.30,7.40,0.10
450.00,-6.20,-3.30,-2.60,-4.00,1.60,-1.80,2.40,7.40,0.10
452.00,-6.40,-3.10,-2.70,-3.50,1.40,-1.50,2.30,7.50,0.20
454.00,-6.60,-3.00,-2.90,-3.00,1.00,-1.20,1.90,7.60,0.20
456.00,-6.80,-2.90,-3.40,-2.60,0.60,-1.00,1.50,7.60,0.30
458.00,-7.10,-2.90,-4.00,-1.70,0.30,-1.10,1.20,7.50,0.40
460.00,-7.30,-2.90,-4.20,-0.70,0.10,-1.10,1.10,7.20,0.60
462.00,-7.50,-3.00,-3.90,-0.20,-0.10,-0.80,0.90,6.80,0.80
464.00,-7.50,-3.00,-3.20,-0.40,-0.30,-0.30,0.70,6.20,1.00
466.00,-7.50,-2.80,-2.50,-0.40,-0.60,0.30,0.30,5.60,1.20
468.00,-7.50,-2.70,-2.40,-0.10,-0.90,0.70,-0.20,5.10,1.50
470.00,-7.40,-2.60,-2.70,0.30,-1.20,1.00,-0.60,4.70,1.90
472.00,-7.10,-2.70,-3.00,0.50,-1.50,1.40,-0.50,4.50,2.30
474.00,-6.90,-2.90,-3.00,0.50,-1.70,1.40,-0.50,4.50,2.60
476.00,-6.60,-3.20,-2.70,0.50,-2.10,1.20,-0.80,4.60,3.10
478.00,-6.40,-3.50,-2.60,0.60,-2.50,1.10,-1.30,4.70,3.50
480.00,-6.50,-3.80,-2.80,0.90,-3.20,1.20,-1.60,4.50,3.90
482.00,-6.80,-4.00,-3.10,1.00,-3.90,1.60,-1.60,4.00,4.20
484.00,-7.20,-4.20,-3.20,1.00,-4.60,2.00,-1.60,3.30,4.50
486.00,-7.60,-4.50,-3.10,1.20,-5.10,2.20,-1.50,2.70,4.70
488.00,-7.90,-4.70,-3.20,1.60,-5.40,2.40,-1.50,2.40,4.90
490.00,-8.20,-4.90,-3.50,1.80,-5.60,2.60,-1.20,2.40,5.10
492.00,-8.50,-5.10,-3.90,1.60,-5.70,2.90,-1.00,2.80,5.20
494.00,-8.80,-5.30,-3.70,1.50,-5.90,3.10,-1.00,3.30,5.40
496.00,-9.10,-5.40,-3.20,1.60,-6.10,3.20,-1.10,3.60,5.60
498.00,-9.30,-5.40,-2.80,2.00,-6.30,3.20,-1.20,3.60,5.80
500.00,-9.30,-5.40,-2.90,2.60,-6.40,3.40,-1.00,3.20,6.00
502.00,-9.30,-5.30,-3.10,3.20,-6.30,3.60,-0.90,2.70,6.10
504.00,-9.50,-5.30,-3.10,3.40,-6.20,3.80,-0.60,2.40,6.10
506.00,-9.80,-5.30,-3.10,3.50,-6.10,3.80,-0.60,2.30,6.10
508.00,-10.40,-5.50,-3.20,3.50,-6.20,3.40,-0.60,2.30,6.00
510.00,-11.00,-5.70,-3.10,3.70,-6.50,2.80,-0.60,2.20,5.90
512.00,-11.40,-5.80,-2.70,4.00,-6.50,2.10,-0.20,2.00,5.80
514.00,-11.80,-5.80,-2.00,4.40,-6.10,1.70,0.10,1.70,5.70
516.00,-12.20,-5.70,-1.20,4.60,-5.40,1.50,0.20,1.30,5.60
518.00,-12.50,-5.50,-0.60,4.40,-4.70,1.60,0.00,1.10,5.50
520.00,-12.80,-5.30,-0.20,3.60,-4.20,1.90,0.10,0.90,5.30
522.00,-13.00,-5.00,-0.10,3.20,-3.90,2.30,0.70,0.80,5.20
524.00,-13.20,-4.70,-0.20,3.40,-3.50,2.50,1.40,0.60,5.00
526.00,-13.40,-4.30,-0.30,3.70,-3.10,2.60,1.70,0.40,4.80
528.00,-13.60,-4.00,-0.30,3.60,-2.70,2.70,1.60,0.20,4.50
530.00,-13.60,-3.70,-0.10,3.00,-2.50,2.80,1.30,0.20,4.30
532.00,-13.70,-3.50,0.20,2.20,-2.40,2.70,1.10,0.10,4.00
534.00,-13.80,-3.40,0.60,1.80,-2.10,2.50,0.90,-0.10,3.80
536.00,-14.00,-3.30,0.80,1.60,-1.70,2.10,0.90,-0.60,3.60
538.00,-14.10,-3.10,0.90,1.00,-1.40,1.60,1.10,-1.00,3.40
540.00,-14.10,-2.80,0.90,0.20,-1.20,1.00,1.30,-1.20,3.20
542.00,-14.10,-2.60,1.10,-0.50,-0.90,0.40,1.40,-1.40,3.00
544.00,-14.20,-2.40,1.40,-1.10,-0.80,-0.10,1.50,-1.60,2.90
546.00,-14.50,-2.30,1.80,-1.90,-0.80,-0.50,1.50,-1.80,2.80
548.00,-14.90,-2.20,2.10,-2.90,-0.70,-0.90,1.70,-1.90,2.80
550.00,-15.40,-2.10,2.10,-3.00,-0.60,-1.20,1.80,-1.90,2.90
552.00,-15.90,-2.00,1.90,-2.60,-0.70,-1.30,1.80,-1.70,2.90
554.00,-16.40,-2.00,1.80,-2.60,-1.00,-1.40,1.80,-1.60,2.90
556.00,-16.90,-2.10,2.00,-2.90,-1.40,-1.60,1.90,-1.50,2.80
558.00,-17.40,-2.40,2.30,-3.20,-1.70,-2.00,2.10,-1.60,2.70
560.00,-17.80,-2.90,2.50,-3.40,-1.80,-2.50,2.20,-1.90,2.50
562.00,-18.20,-3.40,2.70,-3.40,-1.60,-2.80,2.30,-2.10,2.40
564.00,-18.60,-4.00,2.80,-3.00,-1.30,-3.20,2.30,-1.90,2.40
566.00,-18.90,-4.60,3.00,-2.20,-0.80,-3.70,2.30,-1.40,2.50
568.00,-19.00,-5.10,3.10,-1.50,-0.40,-4.10,2.20,-0.90,2.70
570.00,-19.10,-5.60,3.10,-1.30,-0.20,-4.40,2.10,-0.80,2.70
572.00,-19.20,-6.10,3.30,-1.60,0.00,-4.50,2.20,-0.90,2.70
574.00,-19.40,-6.50,3.60,-1.70,0.50,-4.60,2.20,-1.00,2.40
576.00,-19.60,-6.80,3.90,-1.20,0.90,-4.70,2.10,-0.70,2.10
578.00,-19.80,-7.00,4.20,-0.40,1.10,-4.70,2.00,-0.30,1.80
580.00,-19.80,-7.10,4.30,0.10,1.00,-4.70,1.90,0.10,1.60
582.00,-19.70,-7.30,4.30,0.20,0.70,-4.80,1.80,0.40,1.60
584.00,-19.50,-7.50,4.30,0.00,0.30,-4.90,1.70,0.30,1.80
586.00,-19.10,-7.70,4.20,0.20,-0.10,-5.10,1.30,0.10,2.00
588.00,-18.70,-7.90,4.20,0.80,-0.20,-5.40,0.90,0.10,2.10
590.00,-18.40,-8.00,4.20,1.30,-0.10,-5.50,0.50,0.70,2.00
592.00,-18.20,-8.00,4.30,1.50,-0.30,-5.60,0.20,1.40,1.80
594.00,-18.10,-7.90,4.30,1.50,-0.60,-5.60,-0.10,1.40,1.60
596.00,-18.00,-7.80,4.10,1.60,-0.90,-5.60,-0.40,1.00,1.50
598.00,-17.90,-7.70,3.60,1.80,-0.90,-5.60,-0.50,0.70,1.40
600.00,-17.70,-7.60,3.10,1.80,-0.50,-5.40,-0.30,0.70,1.50
602.00,-17.70,-7.50,2.80,1.70,-0.40,-5.20,-0.10,1.10,1.50
604.00,-17.80,-7.30,2.60,1.50,-0.30,-5.00,-0.20,1.50,1.50
606.00,-18.00,-7.10,2.60,1.30,-0.10,-4.80,-0.40,1.50,1.40
608.00,-18.40,-6.90,2.50,1.20,0.00,-4.50,-0.60,1.10,1.30
610.00,-18.80,-6.70,2.40,1.20,0.00,-4.20,-0.70,0.90,1.10
612.00,-19.20,-6.50,2.20,1.20,-0.30,-3.90,-0.70,1.10,1.00
614.00,-19.60,-6.20,2.10,1.30,-0.70,-3.60,-0.60,1.50,0.90
616.00,-19.90,-5.80,2.00,1.30,-1.00,-3.30,-0.60,1.80,0.90
618.00,-20.20,-5.40,1.90,1.30,-1.40,-2.90,-0.80,1.80,0.90
620.00,-20.50,-5.00,1.70,1.30,-2.00,-2.50,-1.00,1.80,1.00
622.00,-20.70,-4.70,1.50,1.30,-2.60,-2.10,-1.20,1.80,1.10
624.00,-20.70,-4.40,1.30,1.10,-2.80,-1.70,-1.10,1.90,1.10
626.00,-20.70,-4.20,1.00,0.70,-2.90,-1.30,-1.10,2.10,1.10
628.00,-20.50,-3.90,0.80,0.10,-2.90,-0.90,-1.20,2.30,1.10
630.00,-20.30,-3.60,0.60,-0.30,-3.00,-0.50,-1.20,2.50,1.10
632.00,-19.90,-3.40,0.40,-0.30,-3.10,-0.20,-1.20,2.30,1.10
634.00,-19.50,-3.20,0.10,-0.10,-3.40,-0.30,-1.30,2.00,1.10
636.00,-19.30,-3.20,-0.40,0.10,-3.40,-0.40,-1.70,1.90,1.10
638.00,-19.10,-3.20,-0.80,0.30,-3.20,-0.50,-1.90,2.10,1.10
640.00,-19.00,-3.20,-1.10,0.50,-3.20,-0.50,-2.10,2.30,1.20
642.00,-18.90,-3.20,-1.30,0.70,-3.30,-0.50,-2.10,2.40,1.30
644.00,-18.70,-3.20,-1.40,0.90,-3.40,-0.50,-2.20,2.30,1.50
646.00,-18.40,-3.20,-1.50,0.90,-3.20,-0.50,-2.30,2.20,1.80
648.00,-18.00,-3.20,-1.50,0.80,-2.80,-0.50,-2.30,2.20,2.00
650.00,-17.70,-3.20,-1.40,0.50,-2.70,-0.80,-2.50,2.20,2.20
652.00,-17.50,-3.40,-1.50,0.20,-2.70,-1.10,-2.60,2.20,2.10
654.00,-17.40,-3.60,-1.70,0.10,-2.70,-1.30,-2.70,2.20,2.00
656.00,-17.20,-4.00,-1.90,0.30,-2.50,-1.40,-2.70,2.20,1.90
658.00,-17.00,-4.40,-1.90,0.60,-2.20,-1.40,-2.70,2.30,2.00
660.00,-16.70,-5.00,-1.90,1.00,-1.90,-1.20,-2.70,2.20,2.10
